博主,博文,发布时间,转发数,评论数,点赞数
潮Qh空,那些咬着牙忍着泪熬过的每一个深夜 无数次被梦里场景惊醒时候的无助和悲伤……已经撑不下去了…… ?,07月02日 23:58,1,0,0
猪奴力力,肚子好痛 撑不下去了吃了止痛药 希望睡一觉醒来就不痛了 然后雨也会停 又是快乐的一天 ?,07月02日 23:56,0,0,0
乌瑟尔1941,也快不行了，公司里要笑着聊天，到爸妈家吃饭也要装着若无其事的样子，只有自己一个人的时候才能发泄下去。已经从原来的一个厉害崩溃一次到现在这两天就已经2次了。不知道自己还能撑到什么时候，可能要精神分裂了吧，不过分裂了也好。不用这么累了 ?,07月02日 23:55,0,0,0
_Amanda_Lin,我一直都觉得自己可以很坚强在外面在苦都不会跟爸妈说永远都说“放心吧！我很好，吃得好，穿得好，什么都好”但其实父母什么都知道今天跟爸妈视频的时候，他们说在外面撑不下去就回家吧！别硬撑…我承认我没忍住自己的眼泪爸爸妈妈，我爱你们… ?,07月02日 23:55,0,1,0
日青大人儿,没所谓的没所谓的！自己看好自己，自己支持自己，不要像今天这样，影响了自己的心情，差点撞车！做好自己，学会平衡情绪，接下来还会有很多机遇很多可能，不要就此否认自己的价值！加油，撑不下去的时候继续撑，再撑不下的时候就会有机遇找上门的啦哈哈 ?,07月02日 23:55,0,0,1
苏尘阿,"Day183，183/365这里是正在学英语+阅读的小姑娘苏尘阿。阿尘分享: Live long,laugh much,love often.撑下去，多笑，多爱。我正在参加#白杨师姐赢效率手册陪伴营#坚持使用《赢效率手册》和《总结笔记》#赢效率手册365天一天不落#励志币计划  @白杨师姐@唐玉梅ye   @李文彬-Orient李   ?  展开全文c",07月02日 23:54,0,0,1
廖_小月,我也希望在我怕在我累在我撑不下去的时候，有哥哥对我说：“不怕不怕，哥哥抱抱你啊！”#撑不下去，路还是要自己走 L廖_小月的秒拍视频 ?,07月02日 23:53,0,0,2
Escapim,现在我才明白，原来人类的悲喜并不想通。只有那些可以攥在手里的真实才让我觉得有用，比如钱，比如学识。有时候咬咬牙，那些难过就能撑过去了。无论如何，接下来的四个月要坚持下去，再难也要。 ?,07月02日 23:53,0,0,0
偷喝一口奶茶c,?做师范学校的男生真是太惨了（以一个女生的角度向他们表示同情）班上总共…几个男生 帮了一个班的女生搬了一天的东西 不过真的太感谢了 十二个小时以来吃了第一顿饭 买了杯奶茶即时续命 希望新媒体快快打?  还完花呗放假前还剩三百多实在撑不下去了 ?,07月02日 23:47,0,0,2
杨蕊平南,有时候，感觉自己有点撑不下去了 ?,07月02日 23:44,0,0,0
每天都要玩痒痒鼠,我真的好难好难撑不下去了 ?,07月02日 23:44,0,0,0
 -gin-瑾,我也不知道是否能撑下去 ?,07月02日 23:43,0,13,0
火燧-五行缺火,不快乐了很长一段时间，觉得压力大的要撑不下去，一向不爱哭的一个人不知道哭了多少次。 ?,07月02日 23:42,1,0,0
你今天开心了吗ha,每次当我开始有一点点信心继续下去都会有那么一些事一点点的扎你最痛的地方 我不明白这也太容易受人影响了吧 今年已经过了一半了 我撑过了一半还有一半想想好难 好难熬好难过 一切都不是我想的那个样子了但是没有变化怎么又是这个生活 我不该不该不该当时想着自救的 害了别人 ?,07月02日 23:42,0,0,0
aijmdwptagmgmgw,无力了一整天晚上强装自己有精神为了缓解全身发热不怕死的点了冰雪碧喝下去是爽了感觉不热了后面开始浑身不舒服了 一个人的撑着伞走回家突然觉得自己有点可怜又很厉害都不知道眼泪是感动自己厉害还是可怜自己哈哈哈哈哈哈哈哈哈希望今晚吃了退烧药明天下午不要再又烧起来了 ?,07月02日 23:41,0,0,0
YuYiAn永远不加班_,今天突然反应过来我今年才22，得BP已经两年了，已经过去两年了，我还这么年轻，谁想得病啊，我真的好累啊，已经快撑不下去了啊。 ?,07月02日 23:41,0,0,0
 -五位数小朋友,「想翻广州喇」   Good night#可不可不撑下去# ?,07月02日 23:41,0,0,2
叫我李皮皮,有些东西可以用方法去把它的不从心变的最小化，比如下雨的时候可以撑伞或者跑到屋檐下去避雨，好让自己不会淋雨。但有些根本的东西即便再怎么努力也是没办法的，比如你无法阻止下雨这件事。 ?,07月02日 23:40,0,0,1
W小岛,今天送女神回家了，女神不怎么睡觉还能强撑着活下去所以是女神下车时还跟我说你记得后面车窗没关虽然她说自己高冷，其实有颗温暖的心这个世界啊口口声声说自己无欲无求的心里都在狂打着买卖合同。 ?,07月02日 23:39,0,0,2
Sarannuch,朋友圈一个个的，我说我想丁克都操心得跟个啥似的....不想人生再犯错，不想在此刻再依赖外界“为什么就没有人撑我一把”而作出让自己悔恨终身的事情，再来一次这样的事情我可能真的要自杀了，再吃药都救不了我。希望自己可以永远坚定下去，不要轻易动摇和被改变。 ?,07月02日 23:39,0,0,0
UKNOW_FOLLOWER杰宝,暗恋橘生淮南撑不下去了，尴尬癌犯了，男女主毫无cp感！！！撤了 ?,07月02日 23:39,0,0,0
_MISS,有时候真的想就这么沉沦下去一次，去寻找那个天使。如果时光可以重新选择，我想用那最美好的11年和你换，可惜，你决定不了，我也不能选择。我真的不知道还能撑多久，更不知道如何放过自己。 ?,07月02日 23:35,0,0,1
吞tun,狗泽 Day184 昭和杂货店3出了四季更替，只要45分钟冬天就过去了，付一点费用就可以去到指定的月份。人因为不能想即所得所以才需要幻想撑起塌陷的人生。在寒冷到来的时候告诉自己再撑一下啊很快就会过去。大概人都要时不时地这么提醒自己，才能走下去吧。 ?,07月02日 23:33,0,0,0
小码头今年五岁了哦,其实早把聊天记录全删了，但是今天翻到三月份的截图，其实大多时候好像都是靠着这句话才走下去的，每次闹不愉快的时候，我就会想起来，我说过不会离开的，我不会让他害怕的。我怕他撑不下去，后期的时候我一句狠话都不敢跟他说，小心翼翼的，就怕他有什么事。但是啊，其实他跟我一样是有自己想法的 ?  展开全文c,07月02日 23:33,0,0,0
做梦的麻辣烫烫烫,突然感觉快撑不下去的时候 ?,07月02日 23:31,0,0,0
枫叶飘飘158,昨天是建党节，从神内两造影，下午脑外造影，晚上脑外动脉瘤栓塞，到了晚上八点半多，机器终于撑不下去了，出现球管损坏，X 线不出，彻底崩溃病人急速转运，第一时间联系医务科，总值班，科领导，远程工程师，全部用上，连夜叫工程师赶过来查修！结果还算满意！这晚不眠之夜！一点多才回家！终于可休息 ?  展开全文c,07月02日 23:30,0,0,0
gwjshiWoooo,好累。 好像快要撑不下去了。hhhh 2南京 ?,07月02日 23:29,0,0,0
一个坚强的刺猬,所以我这是又犯了抑郁症吗？有时候是真的觉得自己快撑不下去了。今天也算是完成了一个心愿吧，如果以后哪一天，我离开了，希望我的组织和器官还可以帮到更多的人。 ?,07月02日 23:29,0,0,0
变美变瘦还变有钱,复习期末考，真的很头大。头现在都是晕晕的，看着室友他们还在记，我撑不下去了，我还是休息吧，有一个清醒的脑子更重要。 ?,07月02日 23:27,0,0,0
佛系Innercircle,为什么所有事都这样 一个人真的快撑不下去了  怎么什么都不好 什么都一起发生 ?,07月02日 23:27,0,1,1
残舞_Sex,你总得撑下去，只怕你配不上自己的野心也辜负了所受的苦难，不要只因一次挫败就迷失了最初想抵达的远方 ?,07月02日 23:27,0,0,0
Neverzhuang,每每撑不下去的时候，总会被麻麻的话语说动，感恩现在的幸福生活，最终会苦尽甘来的 ?,07月02日 23:25,0,0,2
Anoroc,太焦虑。撑不下去。 ?,07月02日 23:25,0,0,0
IamYQD,今晚伤心?  难过到极致，我想找个地方发泄一下，可就是找不到！天哪，好压抑，我好害怕自己会撑不下去！我真的真的超级难过，超级伤心超级心碎！有时候我真的想就这样结束我的生命，可是可是又有点不甘心！我发誓以后我不会为了任何人而不顾自己，哪怕是家人！呵呵呵呵呵呵呵呵呵呵 ?,07月02日 23:24,0,0,2
Lo_ctz,我真的快要撑不下去了 ?,07月02日 23:24,0,0,0
我的墙头是谁,#1010倒计时# 好累啊，啥也不想做。提前倒计时吧，99天。终于两位数了。然而我能撑下去吗？不知道。 ?,07月02日 23:24,0,0,0
栗子酸奶糕,呜撑不下去的时候就打开手机看看买的车票就觉得现在辛苦是在为暑假的快乐铺路会再鼓起干劲一点 ?,07月02日 23:23,0,0,0
氢气球和霓虹灯,好累！我撑不下去了！可是才考了一门！?  ?,07月02日 23:22,0,1,0
想做毛先生的毛太太,电梯响了一次又一次 但都不是你 想你 想等你回来抱抱我 想让你心疼的抱住我 亲亲我 可是你其实不想见我吧 你看见我会生气吧 我好难过 我真的撑不下去了 想回家 可是一提上日程 我舍不得 这是我们的家 这是我们的成都 ?,07月02日 23:20,0,0,0
柳姿摇仪,来到回民街，只恨自己的肚皮太小了，那么多好吃的都撑不下去了，石榴汁喝了2杯，nice? ? ? ?  2西安・西安新世界百货 L柳姿摇仪的微博视频 ?,07月02日 23:20,0,0,0
千钟粟米,我刚刚爬起来吃了一盒酸辣粉、一碗拌面，这应该是我一天的饭量，但是我眼不饱，撑着吃下去了，我对面条? 真的没有半点儿抵抗力，好撑啊！ ?,07月02日 23:19,0,0,1
蓝田日暖dahlia,突然决定的一件很不靠谱的事。再难 也要撑着走下去。加油！ ?,07月02日 23:18,0,3,0
柚子味的柚子哟,我承认我过得一点也不好很多时候真的都要熬不下去 快要崩溃了我不知道哪儿有这么多压力改变的失去的都太多了好多事情真的接受不了 但我也无力抗拒只能老老实实继续死撑过去 ?,07月02日 23:18,0,4,1
YaAntonio,#不吃猪肉##减肥大作战##运动##期末考试月# 2? 5? 天减肥运动大作战2.0?  ?  ?   第 1? 7? 天头秃的课设我可以撑下去的?  2厦门・集美大学 ?,07月02日 23:17,0,2,1
张佳余_Z-JY,我要撑不下去了轰轰烈烈的离开 2苏州 ?,07月02日 23:17,0,0,2
M姐姐过儿M,中级会计打卡倒计时67天！最近脑子晕乎乎，效率不佳。可是我觉得自己效率高的时候不多呢，今晚撑着看完了或有事项，他么的练习题实在是做不下去了，满脑子的排斥感，我知道，我出现了这种情绪多半是厌学了。脑袋空空，不知道自己坚持了大半年的学习都学了什么，唉！ ?,07月02日 23:16,0,8,0
顺服谦卑的焦小花,TO:M今天是你离开的第110天萨甘离开的第1天整个房间都是你的身影还有萨甘的毛我就要撑不下去了,07月02日 23:16,0,0,0
再喝到明天的啊濡,撑不住了……不想坚持下去 ?,07月02日 23:15,0,0,3
再来十碗饭说事,我真的快撑不下去了你在哪 ?,07月02日 23:15,0,0,0
carsonred,撑不下去了 ?,07月02日 23:13,0,2,0
颜言暮雪,一直妄图用一道光去支撑自己的余生。但我把余生想的太简单，生活没有最糟糕，只有更糟糕，每一天这个时候挫败的好像窒息，真觉得撑不下去了。但生活还是要维持笑容，因为这个世界从来不相信眼泪！真害怕，这种不知来处无法停止的痛苦会把我压垮，然而自我是我生命中最最重要和珍贵的存在。 ?,07月02日 23:11,0,0,1
小所bling,#520# 虽然有点晚但是蹭个边吧#爱##恋爱# 我曾想，若这世间就剩你我二人……我有胆量，正式着你的目光朝你大喊一声“我爱你”吗？不，我不敢，因为我怕你听到后离我而去，这世间便只剩我一人。没有你的我，活不下去多久，我撑不下去。所以，求求你别把整个世界搬走，因为你走了，我的整个世界就走了 ?  展开全文c,07月02日 23:07,0,0,2
耳东陈419,7.2 早上三点多被蚊子咬醒之后一觉睡到大天亮 吃个饭缓过神来发现好像只剩大学里最后一门考试了 真快 标完要背的内容有点看不下去就跑楼上找室友去了 下午被小贼叫去和他兄弟一起吃饭 厨艺真的没话说 真的吃撑了 麻辣小龙虾面绝了 回来看到室友在看书隐隐有点不好意思的赶脚 今天先洗洗睡咯 晚安 ?,07月02日 23:06,0,0,0
_十二七,不明白还要我多坚强，也不知道崩溃点是什么时候，所有事情都是一个人扛着，在外面装的挺累的，这些东西与他人说又有几个能理解，别人没这义务听你诉说，也无法感受这份痛，干脆就闭嘴吧，老天真的很爱捉弄人，每当我觉得生活露出点阳光了，总爱给我捅一刀，每当我觉得撑不下去了，又爱塞几颗糖给我，身 ?  展开全文c,07月02日 23:06,0,0,0
阿耀牛奶加冰,人生就是觉得自己撑不下去的时候死皮赖脸挺一阵子好像又能继续了 ?,07月02日 23:05,0,0,1
-手机用户A-,魔那个道那个祖师有点看不下去了，年纪大了禁不起虐…怎么都那么惨啊，本来一段一段回忆推剧情的看着就有点混乱，全靠带入有钱哥哥的脸撑着，但是一想到剧情那么惨就撑不下去了 ?,07月02日 23:04,0,0,0
Yunhhhhan,今天吃撑到坐不下去ipad真好玩 我的小学生水平杰作如图8?我找到了白白胖胖的可爱小肉手? 可供我无聊的时候捏捏～看到了原厂相机里的自己，我再次决定要减肥了，? 在这么下去原先减的已经快要涨回去了?   但愿期末考试全部高分通过，继续摔摔七七哒～ ?,07月02日 23:03,0,0,1
渣女无误,感觉撑不下去了  日常想哭 ?,07月02日 23:01,0,0,0
熬熬熬住阿,小姐姐今天成功的把宿舍搬了  然后我就跟菠菜又见面了  见到她 我就从一个一天不说话的哑巴变成了相声表演艺术家  嘴烂到不行  我俩在一块是吃垃圾食品的快乐 是吐槽的快感  也是期末撑下去的动力 互相打气就是励志的公众号  由于最近有些放飞自我加上期末考试 导致我又长痘痘了 我就很不开心了 我又要 ?  展开全文c,07月02日 23:00,0,7,5
玛丽苏不加糖,为什么所有的事情都不顺利我真的撑不下去了 ?,07月02日 22:59,0,0,0
yoyo是宝藏少女,开了个小号微博 想要把一些记忆的小事写在上面 换个地方好好回忆 要不然我快撑不下去了 ?,07月02日 22:58,0,2,1
挖宝小队长,当你减肥支撑不下去的时候看看这只青蛙? 跟它比比看谁更厉害呱呱呱不知道你们可以撑多久反正我只能看着它撑...#青蛙平板支撑##挖宝の安利# ?,07月02日 22:56,132,200,360
BettyChen-57,#陈情令# 我就是想看看能毁成什么样。。结果才半集我就给跪了，我觉得根本撑不到被骂上天的温情出场我就想问问，为什么非得改成汪叽看着wifi掉下去？！这特么啥逻辑就算不根据原著也别扭的不行啊莫家庄弄得也一言难尽，仿佛wifi生怕自己不暴露，而且上来就莫名开始思叽也是看的三脸懵逼 ?,07月02日 22:55,0,10,0
pkopapaa,我真的好痛苦，找哥哥哥哥说有事，我总感觉哥哥在和别人做爱，我想和哥哥呆一起，可是我连哥哥的全名都不知道，就像陌生人一样，我真的好痛苦，好没有意义，我又真的需要人在一起，需要人在一起聊聊天忘记我的痛苦与绝望，不然我都不知道自己怎么撑下去。 ?,07月02日 22:55,0,0,0
甜系奶皮,求求你了你是爱豆啊，稍微注意一点形象吧，我撑不下去了，每次上线都是给我暴击 ?,07月02日 22:54,0,0,0
蓝色是yy的颜色,撑不下去了吃奥沙西洋片我就可以去死了哈哈哈哈 ?,07月02日 22:54,0,0,0
S发发酱,事实上 只要我不结婚 我的人生就还有无数种可能 一旦结婚 所有的东西即将定型 也就是好与坏都只能硬着头皮撑下去了. ?,07月02日 22:54,0,3,0
头大脑壳大,生命课题太难了，撑不下去了 ?,07月02日 22:53,0,5,0
小兔兔乖乖lucky,狂躁明天考试一片空白居然还在这发微博来自舍友认真学一天还说啥都没学的压力没有大腿可以抱老师划得范围有点大心浮气躁听暴躁音乐都压不下去冷静理智看一点吧明天考场啥都写不出来冒汗的也只有你啊事后调侃我鄙视你真的撑住冷静不要慌来看个单词不要怕这个词明天会考的以及正向的 ?  展开全文c,07月02日 22:51,0,0,1
youuuooy,这几天真的蛮煎熬的各种各样的事情好像就差那么一点点就会被生活击垮了但是想了又想还是有很多事情值得让自己坚持下去 比如兴趣和你、你、你们? 反正 过一天是一天想长大又不想长大 反正还是得成长好累 好烦 还是要撑着 我还年轻！！！ ?,07月02日 22:50,0,0,0
ZHANGAYUE_,特别不抗压，特别喜欢破罐子破摔，一贯的处事态度就是撑不下去就算了，搞不定的就早点逃避掉。可你知道这样的我，在面对和你起争执的时候，我却是一点一点都不舍得也不忍心动干戈，撑不下去的我愿意继续，搞不定的我还可以再坚持坚持。我最不愿意的是把我们两个的关系搞砸，这是我最不想看到的。 ??  展开全文c,07月02日 22:49,0,2,5
么么哒女神啊,我承认我过得一点也不好很多时候真的都要熬不下去 快要崩溃了我不知道哪儿有这么多压力改变的失去的都太多了好多事情真的接受不了 但我也无力抗拒只能哭完了再爬起来老老实实继续走下去这辈子从来就没坚强过大小坎都是死撑过去 ??? 2邯郸 ?,07月02日 22:49,0,0,1
感觉你今天真好看,终于下雨了 ? 听着雨声舍不得睡觉 早晨吃了个鸡蛋撑了一天 中午出去感觉喘不上来气要窒息了 一到夏天开不开空调我都吃不下去饭 太惨了 ?,07月02日 22:47,0,2,0
我的眼睛看着窗外123,负能量太多，想的事情，做的事情太多，很多时候觉得自己撑不下去了，活着很累，厌世 ?,07月02日 22:47,0,0,0
郑忆州,真怕有一天撑不下去解决自己 2淮安・罗马假日 ?,07月02日 22:45,0,0,0
张77比糖还甜,76可爱行为大赏可恶啊老师们还在朋友圈分享生活他们不知道考试周的小孩子有多惨7613的小朋友们已经快要撑不下去了四个人三个人生理期失调宿舍地上的头发一天比一天多我刘海变得像被火烧过一样我每到期末那种选错专业的感觉就愈发强烈学法使人头秃是真的！ ?,07月02日 22:45,0,0,2
裕贞幺儿在冬眠,??的最新舞台无趣且丧到看不下去，伴舞被狙后表情被迫收敛，她一个人又撑不起场。 ?,07月02日 22:44,0,2,1
a_一鸣先生,回想这一路走来，磕磕碰碰，18年刚刚事业低谷，现在又是…真的想哭了。感觉撑不下去了，压力好大… ?,07月02日 22:42,0,14,2
是薏薏呀,赣青三下乡#赣青三下乡##江中科院人文服务队# 探望贫困户，没有去了解就不会发现，许多看似平凡普通的家庭，其实早已因为各种困难变得贫穷，生活艰难。幸好还有国家政策的帮扶，不然，一个家庭，好几口人，可能早已撑不下去。@赣青团学 @江西中医药大学科技学院团委 @人民日报 @中国青年报 ?,07月02日 22:42,0,1,0
一朵小小小小小花-,真的不知道该何去何从了 孩子还这么小 撑不下去了 2宁波 ?,07月02日 22:42,1,1,1
毕里啪啦,真的撑不下去了 ?,07月02日 22:42,0,2,2
情话语录bot,“你我之间本无缘分，全靠我死撑。”以前觉得这话直抵泪点，现在却觉得爱一个人真的就是自己一个人的事，得拿出过日子一样的态度。只要还想继续，就大不了哭一场，硬着头皮爱下去。世间什么缘分不缘分，都是撑来的。――网易云音乐热评《空心》 ?,07月02日 22:42,8,0,29
J_Fuir,撑不下去了 ?,07月02日 22:40,0,3,2
我叫脸圆圆jiujiu,七月第二天10:00-12:0014:00-16:5019:30-22:30在适应环境中睡眠情况不咋滴好早上精力集中有点困难……中午午睡没睡着有点影响复习情况晚上哈欠连天到最后撑不下去了任务有两个没完成今天看了专业课一在结束这一章时觉得自己虽然把公式记住了但是怎么来的还是没有理解图二图三标出来的 ?  展开全文c,07月02日 22:37,0,0,0
燕子48412,有点撑不下去了 ?,07月02日 22:36,0,0,0
辣条君呦,就现在每到晚上就不由得难受 想哭看不开 就好难受好难受快要撑不下去 最近特别厌倦所有人 脾气也特别的冲动不动就想发脾气 看见谁都烦不想说话 自卑的活了十九年…… 他们的离开是对的 像我这种多病的怪物 留在我身边只会对他们是个困扰 可是我现在难受不喜欢现在的家庭 不喜欢现在的工作 不喜欢现在 ?  展开全文c,07月02日 22:34,0,0,0
Llll-7,? ? 攒图困难户上线      又一波不抗打生图#晚安-颜人中# ??如果网易云下了我就又多了一个伤心的理由??肌无力患者 每次练胳膊撑不下去的时候我的脑瓜子里就飘出来那些讨厌的人and我就可以多做一组??我又买东西了 不知道天天都买的嘛有用没用都买 然后我又买袜子了对袜子的爱什么 ?  展开全文c,07月02日 22:27,0,4,15
粘锅的咸鱼翻不了身,因为买了猫今天又跟我妈大吵一架。我已经放弃了远方选择回来窝在这个地方过我一眼望得到头的人生。还是依然对我诸多限制，说我花钱不考虑她们挣钱的辛苦。可是我真的已经要撑不下去了呀，在一片黑暗里看不到一点光亮，我连活着都已经用尽全力了，唯一想寻找的一点人生救赎还要被不断否定。 ?,07月02日 22:23,0,0,0
小金金想吃西瓜不用勺,蹲在那里，忍不住掉了眼泪，身体累点真的不算什么，心累才会让人觉得撑不下去，结婚是为了什么，只是为了多洗一个人的衣服，多做一个人的饭吗，很多东西似乎都在变，想想当初自己所坚持的又是什么呢 2金华 ?,07月02日 22:22,0,2,0
用户7215010693,世上为什么没有后悔药啊，如果在这样继续下去真不知道那天离开了这世界，过的太没劲了，撑着吧，什么时候倒下呢？ 2福州・香江红海园(滨州路) ?,07月02日 22:21,0,0,0
加一颗奶球搅拌害羞,好想说进互动群了不就代表每天必须做吗 为什么只努力一天啊//@清醒一点吧可恶:我真的看着姐妹累到进医院，心理难受的不得了，但就算倒下去了我还得让她交接完再去，大家都在拼命，我求求大家至少一周，至少第一周撑住好吗，互动数这一项如果拉不开，我们家真的很危险,07月02日 22:20,0,0,0
正版-小笼包,正版河图在某一段过得很艰难的时期里，我和一个老师说，没事，撑过这段时间就好了，我就不信以后还会这么难。现在我发现，会。大家都说，撑过黎明前最黑暗那段时间就好了，但是我有点不知道，我现在处在的究竟是黎明前的黑暗，还是地底，这里是黑暗的，前方，依然是黑暗的真的有点撑不下去了 ?  展开全文c,07月02日 22:19,0,3,2
卖灰狼的小红帽00,我希望有一天撑不下去的时候，可以带着我想养的狗和我的猫去海边，租一间屋子，做最“简单”的工作（倒垃圾也可以） ?,07月02日 22:18,0,0,0
拖延症噜噜噜噜噜,每天都很丧，每天加班到很晚，一天都不会挪开凳子，脖子痛，头痛，就没有舒服的。我知道年轻人是该承受这些，可是为什么我真的撑不下去了每天每天的哭的日子什么时候才是尽头 ?,07月02日 22:17,0,14,0
情天里的爱,好害怕自己那天就撑不下去了 ?,07月02日 22:15,0,0,0
酸枣酱,最近心情有点down……稿子写的不快，眼睛没有别人那么有灵性，说课的时候笑容很假，菜也不好吃，还没有无线看花少北直播让我缓解一下心情，撑过这十来天我就回家不想再呆下去了，比大一第一次住校还难过…… ?,07月02日 22:13,0,2,0
起啥名不撞,我发誓为了某人我一开始是真的打算看完《九州天空城》，但是两集之后。。。我特么真的撑不下去了好吗？！于是佛系地一路翻进度条，看到鱼旦就停下来瞅瞅。别人看男主女主，我看女主他爹，也真的是没谁了。这个丑到不行的造型看久了其实还是有点顺眼的，天哥和柳爷这对中老年cp也是有点好磕的。“你若是 ?  展开全文c,07月02日 22:10,0,0,0
懒懒朵,不断的崩溃...又不断的自愈、撑不下去了吧。 ?,07月02日 22:10,0,0,0
木颜叻OwO・,今天吃太瘟爽F在看姜食堂都看不下去一看到吃的就胃 ?,07月02日 22:08,0,2,0
什么时候能睡着,每次觉得这么累撑不下去的时候都告诉自己要坚持要努力 ?,07月02日 22:07,0,0,0
我的星是吴宣仪呀,20到30岁是人生艰苦的一段岁月，承担着渐长的责任，拿着与工作量不匹配的薪水，艰难地权衡事业和感情，不情愿地建立人脉，好像这个不知所措的年纪一切都那么不尽人意，但你总得撑下去，只怕你配不上自己的野心也辜负了所受的苦难，不要只因一次挫败就迷失了最初想抵达的远方。 ???,07月02日 22:06,0,0,0
春意微寒,不被自卑情结控制，醍醐灌顶，未来的路，总要自己努力，才能放过自己。说的最多的一句话是：拜托了，你要撑下去。我无数次告诉自己：撑下去，才有了后来的一切。 ?,07月02日 22:06,0,0,0
旺仔喝水,我生命中也是有一些贵人的，不然现在真的撑不下去辽。决定要承担下去那就积极地做，调整心态加油努力我能行。 ?,07月02日 22:04,0,0,1
遇见你的骄傲,送给七月一场游戏总要有输赢，但有时候，结果并不是那么重要。因为每个人想要的结果都不一样，撑下去，就行了。行了就好，不用赢…… 2武汉・武汉大学 ?,07月02日 22:04,0,0,4
MErry看星星DeCapricornus,这是我教过时间最短的学生……上了半天班我就撑不下去了，中午回家吃饭都吃不下去。想着之前那么艰苦的条件我都没有退缩过，如今天天都能回家却坚持不下去，也是很迷。估计是前两年我的心志都被磨平了，真的不想再涉足这个行业了。还是有点舍不得我教了两个小时的学生 ?,07月02日 22:00,0,0,0
我不想佛,陈情令这几集开虐了，我撑不下去了。哇哇大哭 ?,07月02日 22:00,0,0,0
是无趣扬啊,不自信 胆小 内向 还爱自我怀疑 还得硬逼着自己冲 笨 学的慢也要逼着自己快速学  觉得撑不下去想哭的时候强忍着不要被别人发现  怎么撑过这三百多天啊 ！！！ ?,07月02日 21:59,0,4,0
,相信我  校园暴力真的会影响一个人的一生！我很感谢现在身边的朋友  可以包容我的一切  如果没有你们我可能真的撑不下去愿每一个孩子都可以快乐成长 希望能对我说一声辛苦了  图中是我亲身经历！！真的特别痛苦！！ ?,07月02日 21:59,0,0,0
云胡不喜祝朱一龙0416生日快乐,真的超级感谢你每次在我快要撑不下去的时候出现啊啊啊啊啊啊朱一龙我真的真的很感谢,07月02日 21:58,0,0,0
你本来就很可爱ya,这就是医学生大四期末的现状别人都忙着拍毕业照搬家找工作而我还在苦哈哈的背书? 只能靠这只小狗狗和回家的信念撑下去了！Ps 居然到现在了还不画重点！！      惨无人道 ?,07月02日 21:58,0,0,0
简言莫言3062619843,day  4  今天中午吃了一个馒头，一个茶叶蛋，喝了一碗丝瓜汤，吃了一些蔬菜和虾，吃完之后觉得有点撑，瞬间后悔。晚餐不能超标了，吃了一个西红柿，晚上陪娃出去溜了一圈。洗澡完称体重，担心中午吃的太多，今天体重会没变化，甚至会不降反升。还好，58.5，窃喜。继续保持下去，暑假两个月瘦20斤不是梦 ?  展开全文c,07月02日 21:58,0,0,0
花脸猫的日记,贤贤的橘子头已经撑不下去了，果然黄色可能会迟到 但是从不缺席听说#男孩子都喜欢黄头发的女孩子# ?,07月02日 21:56,0,0,1
疑心病患者everything,发际线感人今天仔细瞧了瞧 不看不知道 一看吓一跳 比杨幂的还过分 老天呐 赶紧赐我一份工作吧 我的发量愁得快撑不下去了 ?,07月02日 21:52,1,3,1
小凤CCc,我很委屈，两边维护，无法割舍，无人理解，变本加厉，快撑不下去了，真的想死的心都有，你们怕ta想不开却从来不问问我的想法 ?,07月02日 21:51,0,0,0
非巧巧巧,#抑郁症# 每天都过着同样的生活 他们的不理解 让我真的撑不下去了 ?,07月02日 21:51,0,0,0
不要打扰我嚼维c泡腾片,问了几个不喜欢长安24小时的朋友，他们撑不下去的最大的原因?不喜欢这念白式的台词达成的共识:①书可以这样写，台词最好不要这样，跟念白似的。以及，文白夹杂的感觉略怪②画面挺有质感的，hh我们几个都联想到了海/牧③制作精良程度赶不上天//九，但是天九剧本硬伤太大，这点很是比不上长。不过 ?  展开全文c,07月02日 21:50,0,4,0
试下可不可以改名字啦,减肥第一天打卡?中餐 一个西红柿 两个水煮蛋 适量水煮菠菜晚餐 牛排150g 适量生菜今日体重 59.8其实到晚上就有点撑不住了，肚子不饿，但是心里特别空虚，我妹还买了个小蛋糕，忍不住吃了一口，没咽下去吐了。一直在想我为什么要这么折磨自己，但是我不求多瘦，我只求正常。希望我能有自信穿上小 ?  展开全文c,07月02日 21:49,0,0,0
0阿拉也强大0,今天晚上头疼的前一个小时过的像一个世纪一样漫长，死撑着没回寝室在图书馆桌上趴着看明天要考的西方经济学，八点居然好点了 居然没睡觉就自愈了，我这是适者生存进化了之后俩小时过的像半小时一样快。果然撑不下去的时候再死撑一会，说不定下一秒就好了呢。明天西经一定让我过！！！要不然太对 ?  展开全文c,07月02日 21:49,0,5,2
福清大队长,再一次快撑不下去 各种各种的心情 难受 2日本・新宿 ?,07月02日 21:48,0,0,0
慕北_Moriaty,今晚再一次吃了大喜来的半熟芝士蛋糕，真的好吃昨晚煮了螺蛳粉，早上醒来的，第一感觉就是非常撑，导致我今天中午没有吃午饭我要是再这么吃下去，就等着胖死吧明面上看不出来，肉其实都长在腰上了我要睡觉了明天早起，还要继续赚钱 ?,07月02日 21:46,0,0,0
Promise丶My,对不起，我有点撑不下去了。 ?,07月02日 21:45,0,1,0
Lostapieceofme,总觉得太辛苦撑不下去，抹抹眼泪觉得人生为什么这么艰难。有时候就是忍不住掉眼泪，就算呆呆地坐着也会掉眼泪。哭了第二天眼睛会肿，可是只有哭累了我才能睡得着吧。 ?,07月02日 21:45,0,1,0
swing橘子丫,就是觉得好委屈好委屈，第一次明明已经哭的不能自已了还忍着不能哭出声，好多好多难过的事情，觉得自己就快撑不下去了，就是绷着自己好几天，表面上好像毫无波澜心里难过的要死，也不知道为什么一难过就想回家想妈 妈，觉得家是最安全最温暖的地方。觉得即使全世界都抛弃我了爸妈绝对会保护我的，可是 ?  展开全文c,07月02日 21:42,0,0,1
琐碎小窝53457,今天去签买房合同了，虽然以后有了自己的家，但是还要在这呆两年，不知道能不能撑下去 ?,07月02日 21:40,0,0,0
宇宙无敌小超人___,并不觉得脚本写错了，数字姐的理念其实是高的，格局也不错，但是下手撑格局有点儿小笔画大画。但是她很多细节都很贴切又真实，这一部看不下去倒不是和其他一样的原因，而是会戳穿已经过去的心瘾。所以才反复打开又反复关上的不看。高中毕业的时候，等着拍毕业照，下了雨，场地转移进了报告厅。在门外 ?  展开全文c,07月02日 21:37,0,0,1
貅沐,今天晚上，吃完饭，爸妈出去溜达去了，我，没有禁受住美团外卖会员红包? 诱惑，点了份麻辣烫。为了能悄悄把外卖盒扔掉，我，给娘亲打了个电话，并，说要去外面找她。实际上，过了半小时才出门刚出门扔完东西，接到了娘亲的电话，说已经到了，还给我买了排骨串，而我，已经撑的吃不下去了 ?,07月02日 21:35,0,7,2
Moon_littlebee,有时候真的觉得撑不下去了！这么些年，撑不下去的时候很多很多，每一次我都走过来了，可是现在，挫败感和无力感，还有和厌恶之人生活一起的感觉让我特别难受！即使和他们住的近了，我其实也不想和他们每周聚一次！一个月都不想！ ?,07月02日 21:34,0,0,0
Love阳光下的影子1314,貌似神离的丧偶式婚姻维持下去的意义是什么？是我不够体谅你的种种还是让你有太放纵的自由？不闻不问已成为共鸣？是我不够温柔不够体贴不够懂事为人妻吗？我很累，这样纠缠何时了？如果有如果的话，我不会做这样的选择，我宁愿孤身一人也不愿只有我和孩子撑着的家我宁愿高傲地 ?  展开全文c,07月02日 21:33,0,0,0
土豆山竹猕猴棠,我好穷啊啊啊啊啊快点发工资发提成吧啊啊啊啊等会儿要撑不下去了啊啊啊 ?,07月02日 21:31,0,2,0
幽灵少女LTT,电影里说，“你我之间本无缘分，全靠我死撑，我明白的。”以前觉得这话直抵泪点，现在却觉得，说白了，爱一个人真的就是自己一个人的事儿，得拿出过日子一样的态度。只要还想继续，就大不了哭一场，硬着头皮爱下去。世间什么缘分不缘分，都是撑来的。 ?,07月02日 21:27,0,0,0
SuperHappyHermes,而且我还感冒了，佛了，这么热的天我感冒了，来势汹汹的那种，刚才下去吃了泡面之后顺便还吃了颗药。换我以前大概会觉得刚感冒，注意一下撑个几天就好了，现在却不会了，生病了就好好吃药，身体才好得快，不吃药只会把痛苦的战线拉长，而且还可能会把在“肌肤”的病拖到在“骨髓”，到时候医生“无奈 ?  展开全文c,07月02日 21:26,0,2,0
夏夏Catherine,#可爱一夏##可爱一夏# 大三最后一场考试结束，也正意味着之前不论欢乐或是忧愁都会回味无穷。大一看的第一场是奇异博士，大三最后一场是蜘蛛侠。也算是周而复始了hhh 和欢乐的牛一起出去吃撑了开心了和热得无法无天 一天下去发现时间越到最后我越想成为那个不想长大的女孩  ???  ?  展开全文c,07月02日 21:26,0,0,2
lhlhlhlhlh420,我累了撑不下去了 ?,07月02日 21:25,0,0,0
乱七八糟的佳子,见不着人，联系不上你。这样的日子还要有多久，我也有难处，我快撑不下去了，孩子要吃要喝要用，下学期面临上学，既想带他们又得工作赚钱。 ?,07月02日 21:24,0,0,0
若非夏天,放弃太容易，坚持太难！我快撑不下去了！！！ ?,07月02日 21:22,0,0,0
苜苜什么也不吃,最近情绪很不稳定 ，但是朱朱寄来了明信片(??皿?｀)那么那么可爱。继续撑下去吧 ?,07月02日 21:22,0,0,0
fundndhsok,想倒在你怀里 大哭一场 也可以不哭 什么都不做 只想要抱抱 不然 再给一个亲亲吧 我贪得无厌 贪心的只要你 ? 我撑不下去了啊 ?,07月02日 21:21,0,0,0
噫大笨蛋,一直焦虑，笔试问问第一还是焦虑，体检面试政审，年龄越大心里压力越大，快撑不下去了 ?,07月02日 21:20,0,0,1
文胸婷,我好累 我真的撑不下去了 ?,07月02日 21:10,0,0,2
用户6845583458,「我……我真的撑不下去了。」她啜泣着把脸埋进了双手，我拍着她的肩膀鼓励她：「你一定要撑下去啊！难道你忘了开始时我俩一起许下的誓言了么？这可是300一个人的自助餐啊！」 ?,07月02日 21:09,0,0,0
认真的薛_RM,这样的日子，这么快撑不下去了…… ?,07月02日 21:08,0,0,0
你瞅我头像干啥,香蜜沉沉烬如霜是我长这么大第一部让我连看一天一夜第二天下午终于困的一批撑不下去才放下手机的电视剧  第三天继续熬夜到凌晨终于看完  不过看完的时候好舍不得啊        演员们都太棒啦  好几场那炸裂的演技 那渲染力真的是  给我哭的心里一揪一揪的   直到今天依然还在到处搜相关花絮、cut或者剪辑 ?  展开全文c,07月02日 21:07,0,2,6
你是我的高山流水,想想换一个状态还是是对的 达到自己的目的就算了 残胜如败也无所谓啦  坚持首先是自己认可且能撑下去的 现在身体屡屡示警 不能掉以轻心 后续的拼体力时候也会更多呀 ?,07月02日 21:04,0,0,0
昔人非存,想做一本漫画，漫画的故事发生在一个“死亡体验馆”内，主角每天会迎来许多想要自杀或者即将离去的人，他们说的最多的话就是“已经很累了是么？那就好好的告别，好好的离开吧。”因为我很希望，哪一天我坚持不下去了，不是有人对我说“加油你可以的，撑过去。”而是笑着对我说“我理解你哟，我知道你 ?  展开全文c,07月02日 21:02,0,3,5
小小小刺猬3,每天高强度的工作压力，严重不足的睡眠，下班好不容易想喘口气回到家又要面对熊孩子，累的撑不住了都忍着没说，最近掉肉掉的自己都看不下去了，身体严重透支，真的好累！！ ?,07月02日 21:02,0,4,0
静小姐随行笔记,挺不喜欢晚上的，晚上代表着一天的结束。这半年来压力一天比一天大，无数个辗转反侧失眠的夜晚，无人诉说和理解。每到月初做计划的时候，心里都会冒出一句话：“天呐，这个月我该怎么办？这个月我可以撑下去嘛？”可能幸运吧，每个月勉勉强强算是撑了下去！这月又过完了2天，前面的路越来越难了， ?  展开全文c,07月02日 21:02,0,2,2
不是那个禹锡呀,我不喜欢这世界，我只喜欢你初识于一首情深深雨蒙蒙，深陷于和你，因他的可爱谦逊被圈粉，也因他的坚强乐观而钟爱，不论周遭环境有多低迷，他也能笑着撑下去，他从不抱怨，从不虐粉，从不在人前掉眼泪，他始终洋溢着最灿烂的笑容，他始终把企鹅们放在第一位???? 他所拥有的独特嗓音，是人们 ?  展开全文c,07月02日 21:01,0,0,3
-易易hola-,加班，坐在位置上刷了一个小时的微博，很多活，真的不想做，只想躺着，身体也快到极限了，还得咬着牙撑下去，我也想变好，但有的时候真的心有余而力不足，客户打来电话，也没有力气跟他说笑了，只能借口说在整理老板要的东西，真的很累 ?,07月02日 21:01,0,0,0
酷酷的小可乐liu,“我觉得我就像集市上的鱼，水分蒸发得差不多了。我时常觉得自己就要撑不下去，而你总是适时又吝啬地洒点水给我，我便要再提着一口气蹦哒两下，作出生龙活虎的样子给你看。我在前途未卜的痛苦里周而复始，你是不要我死的，又偏不肯温柔豢养我。” ?,07月02日 20:58,0,2,4
大马就在这里永远不离开,声入人心 今天我健身教练真是太好了我哭臀桥最后30秒实在撑不下去的时候健身房里响起了光之心一秒开buff 搞声女孩绝不认输！ ?,07月02日 20:49,1,14,65
凉风微澈,#网易第五人格#手残剧情玩家觉得撑不下去了。亲手打推演艰难无比。现在就舍不得红蝶和宿伞之魂攒了好久的衣服而已了。 ?,07月02日 20:47,0,0,2
支先生的企鹅妹妹,今天换了个地方去吃岐山臊子面，没有秦门的好吃，酸味儿不足。吃了两口面，喝了两口汤，就再也吃不下去了。现在肚子还撑的不行。然而，控糖之路任重道远，偶尔放肆一回我就满意十足了。明天继续吃草。 ?,07月02日 20:46,0,0,0
四个川字,还有谁没做数据吗//@走春井夏://@狼堡小赵://@真正的靓仔总是孤独的://@清醒一点吧可恶:我真的看着姐妹累到进医院，心理难受的不得了，但就算倒下去了我还得让她交接完再去，大家都在拼命，我求求大家至少一周，至少第一周撑住好吗，互动数这一项如果拉不开，我们家真的很危险,07月02日 20:42,0,0,0
见信H启-,如果有一个我可以随意说心里话的人就好了。什么都不用做，只是在我撑不下去的时候抱住我就好。让我有个依靠一个避风港，我的光会出现吗我想逃离现在的生活，太烂了，烂透了 ?,07月02日 20:42,0,0,0
爱吐槽的新八,#生活是首沙雕诗# 余地每当觉得自己撑不下去的时候就先让肚子落地吧我对正在做平板撑的自己这样说道 ????,07月02日 20:36,0,0,0
景仁小羊,7.2号flag立在这里，从今天起，记录每一天   不要为无关紧要的人费心既然认准了，就开始行动 做有资格站到他身边的人，把想说的话对他说 人间不值得，可你值得世界大善大恶，面具无处不在千般粉饰，万般描摹在泥泞中前行，可我还想追求光明所以收好你的怨言，收好你的堕落撑不下去的时 ?  展开全文c,07月02日 20:36,0,0,1
蜜罐儿泡完了,最近减肥事业处在艰难的不吃不会减，一次必长胖的攻坚阶段～眼看就要撑不下去了要适时调整战略方针～以及稳定战斗意志～ ?,07月02日 20:36,0,7,2
NNNN蓝皮小吱,我真快撑不下去了。靠什么撑啊。靠什么啊？ ?,07月02日 20:35,0,0,0
蓝六岁,六月的混乱暴躁，随着七月的到来渐渐退去了。前段时间背负着沉重的工作，面临着不合理的指责，一度觉得崩溃，跟朋友打电话吐槽一小时未果，自己在办公室哭到最后一个锁门未果，感觉下一秒就要撑不下去了。但生活总会给你开些意想不到的盒子，竟慢慢平静了下来。抛弃了怨言之后眼前繁重的一切突然 ?  展开全文c,07月02日 20:34,0,3,3
用户6843815455,看看人家的新作品出来宣传是怎么做的，不论是lrh还是zyx家团队，再看看张杰的新作品出来，张杰工作室又是怎么做的？跟张杰作品有关的热搜一个都没上，那些乱七八糟的倒是上的挺快，现在也就靠着以前大热的作品撑着了，这样下去再过几年，看看还能不能靠路人撑起大型巡演 ?,07月02日 20:32,0,0,0
大闸蟹洋,第一天上班的我，就已经撑不下去了 ?,07月02日 20:31,0,0,0
看蔚蓝的天空,细胞细胞爱我吧，最后一科了，真的撑不下去了? ? ?  ?,07月02日 20:31,0,0,0
有疾0-0,笨蛋taka快点回来啊，快点快点，随便点开一首其他乐队的歌看大家讨论好难过啊，不想贵妹作为摇滚乐队的主唱的身份被遗忘，真的是把自己越推越远的笨蛋啊。暴风眼这种旋律，没有老歌撑场日巡还能进行下去吗，余热又能坚持多久呢 ?,07月02日 20:30,0,0,1
你别踩井盖儿,今天第一天去上班  我的感受就是不应该穿高跟鞋我的jio太痛了下了班我马上跑去外面买了一双平底单鞋 另外就是建行的午饭一份好多啊简直是两个人的份量 第一天去我又不知道吃不完该怎么办我就一直撑 后来实在是撑不下去了 吃了一大半就问了一下姐姐们剩下的饭该怎么办她们告诉我直接倒掉就行了 后来一点 ?  展开全文c,07月02日 20:29,0,6,5
_YinZhen_汇,如果下雪了，我们不撑伞，一路走下去，是不是就可以一路到白头。 ?,07月02日 20:29,0,0,1
李四格竹,"『浙大博士跳江自杀：孩子,若你撑不下去,就看看这19张照片』O浙大博士跳江自杀：孩子,若你撑不下去,就看看这19张照片 ?",07月02日 20:29,0,0,0
没头脑甘甘吖和不高兴甘甘,从认识老头那天起，夏天只要在一起的时候，老头都主动热情全程撑伞，吃螃蟹虾一类的东西从来没用我动过手，日常吃饭我只负责低头吃，他会一直添菜，出门时随身带着我可能换的鞋，创可贴碘伏之类的小东西，所以我现在跟个智障没什么分别。套路深的高手也就如此吧，离了他我都活不下去 ?,07月02日 20:29,0,4,3
小dong要加油呀,真正的难过都无人诉说一直以来是什么在支撑着我呢？明明那么多的磨难和痛苦，我还是告诉自己，不要哭，不要被击败，努力向前走，有些事情不是我能选择和控制的，索性便不想，我相信，总有一天我会为自己撑起一片天，只要一直努力地走下去，便会得到幸福?  ?,07月02日 20:27,0,0,0
你浸透了昼夜,有一个在乎的人真是太好了在我的世界正在崩塌  撑不下去的时候还是想为了你努力一把 ?,07月02日 20:25,0,2,0
走春井夏,//@狼堡小赵://@真正的靓仔总是孤独的://@清醒一点吧可恶:我真的看着姐妹累到进医院，心理难受的不得了，但就算倒下去了我还得让她交接完再去，大家都在拼命，我求求大家至少一周，至少第一周撑住好吗，互动数这一项如果拉不开，我们家真的很危险,07月02日 20:21,1,0,1
您身边的废物,我真的撑不下去了 ?,07月02日 20:18,0,0,0
moe_猫耳,我不知道是自己专注力越来越差还是对事物的兴趣越来越淡在家连一场电影都撑不下去看完于是只好继续听歌乐队的夏天，每一期都有几首歌想要循环补上个周末的，上来就被面孔吸引了不插电好好听 ?,07月02日 20:18,0,2,0
用户0373010931,#逮虾户是什么# “妈妈，我太累了，我觉得实在撑不下去了。”“那就别吃了，都五碗了。”「原谅我笑点低～oh ye！」 ?,07月02日 20:17,0,0,0
上官霖尤,今天是我们在一起的第四年第四个月了，可是我真的不知道我还能撑得下去不，真的好累好累，我们太像了，没有互相理解，互相体谅，有的只是无尽的抱怨，无尽的伤害，真的好想离开，自己一个人待着 2东莞 ?,07月02日 20:17,0,1,0
Kaiztee,今天他生日，也是R大生日，转念一想已经一年多的时间未见到她了，其实也只隔着一条路的距离，她在隔壁权贵聚集的省理班埋头苦读，我在这边吊车尾母校坐井观天。她真的出来了，并且前程万里。高一的时候，每次做数理化感觉撑不下去的时候就会想想她，暗暗告诉自己这里是修罗场，鲤鱼跃龙门只有一次机会 ?  展开全文c,07月02日 20:16,0,0,2
要做很酷的夏圈二,? 一件接着一件，我要撑不下去了 2桂林 ?,07月02日 20:14,0,1,0
草莓没有甜味_,撑不下去 自己也救不了自己 ?,07月02日 20:13,0,0,0
呆萌任性美少女-,电影里说，“你我之间本无缘分，全靠我死撑，我明白的。”以前不懂，现在明白了，爱一个人真的就是自己一个人的事儿，得拿出过日子一样的态度。只要还想继续，就大不了哭一场，硬着头皮爱下去。世间什么缘分不缘分，都是撑来的。 ?,07月02日 20:12,1,0,0
抓住一只涵,有的时候自己想想 真的不是说自己不努力 而是自己生活的环境实在让自己努力不起来 每天的家庭硝烟 不断的吵架互相辱骂 让自己实在觉得很难继续接受下去 我害怕得很 每天的自己强撑着 想让自己有良好的心态去面对每一天 希望自己快乐起来是现在最大的愿望了 ?,07月02日 20:12,0,0,1
爱久伴他,他约她吃甜品看电影，可是，始终不敢有进一步的动作，连好几次碰到她的手都没有牵。天下着小雨，他们各自撑着伞在散步，她想，这个笨蛋怎么那么不主动是在路过小桥时，她折起自己的伞扔到河水里。他愣住了。她笑着说：你就这样让我一个人淋雨啊恍然大悟，，咻一声把自己的伞也丢下去了。 ?,07月02日 20:08,0,0,1
百香甜果记事簿,不能飘啊//@清醒一点吧可恶:我真的看着姐妹累到进医院，心理难受的不得了，但就算倒下去了我还得让她交接完再去，大家都在拼命，我求求大家至少一周，至少第一周撑住好吗，互动数这一项如果拉不开，我们家真的很危险,07月02日 20:08,0,0,0
theSpecialRapporteurOfficial,“多少次，多少件事，在我自己撑不下去的时候，是靠着爱他这份信仰，挺过来的。”“其中失与得，苦与乐。百般滋味，如人饮水。”“我自知其苦。”“也自得其乐。” ?,07月02日 20:07,0,0,1
狼堡小赵,//@真正的靓仔总是孤独的://@清醒一点吧可恶:我真的看着姐妹累到进医院，心理难受的不得了，但就算倒下去了我还得让她交接完再去，大家都在拼命，我求求大家至少一周，至少第一周撑住好吗，互动数这一项如果拉不开，我们家真的很危险,07月02日 20:06,2,0,0
旅行桃,人生最低谷期，只有靠每天健身撑着，不懂哪一天就撑不下去 ?,07月02日 20:02,0,1,0
是33的微博,p1-2 自助餐吃的巨撑 我爸说再吃下去裙子就要穿不上了p3 逆风局王者 推完塔感觉自己就是个王者p4 敲可爱的生日蛋糕 ??姐夫7.1生日快乐p5 长得很好看 却无敌难吃 甚至吃不出草莓味还是山楂味 p6 又做了一个新指甲 耶耶耶 好喜欢（在冰块里拍照太冰了啦！） p7-8 冰淇淋的东西 ?  展开全文c,07月02日 20:02,0,3,4
大颖的小颖颖,求求你，和我说句话吧，我真的快撑不下去了 ?,07月02日 20:01,0,0,0
大概是垃圾填埋场,好累怎么办呢我真的好累啊怎么会这样呢我快撑不下去了我也是人啊 ?,07月02日 20:00,0,0,0
RIRauFeak,我只是实在有点撑不下去了 ?,07月02日 19:58,0,1,1
人才76116,【美媒披露美芯片制造商咋迫使特朗普放松华为禁令原因：美国撑不住了】所谓杀敌一千，自损800，特朗普一直不明白这个道理。关键他打压的偏偏又是核心技术能力强大的华为，结果华为完好无损，美国自己悲剧撑不下去了。     继特朗普上周末表示美国公司可继续向华为出售设备后，当地时间7月 ?  展开全文c,07月02日 19:57,13,55,52
盖吕萨克定律哦,千万别飘啊//@清醒一点吧可恶:我真的看着姐妹累到进医院，心理难受的不得了，但就算倒下去了我还得让她交接完再去，大家都在拼命，我求求大家至少一周，至少第一周撑住好吗，互动数这一项如果拉不开，我们家真的很危险,07月02日 19:51,0,0,0
艳阳菡雪,感觉自己快要撑不下去了！！！ 2北京・府右街 ?,07月02日 19:50,0,0,0
tiamxxn7,大人的利弊关系真的希望不要拖到小孩身上…原际画好好撑下去叭 还有很多孩子需要你 狗屠就是不做人只顾着破坏小孩梦想,07月02日 19:46,0,0,0
樊姐裁缝铺,今天是想辞职的第182天。需要把压箱底的辞职书拿出来再看一眼了。不知道压垮自己的最后一根稻草是什么，但感觉真的撑不下去了。 ?,07月02日 19:34,0,3,3
Runtusqiaqia喂,我也不想我的情绪 影响到其他人 所以我不想再撑下去了！麻烦放过我 ?,07月02日 19:34,0,0,0
小梨姑娘,常常觉得这水深火热坚持不下去 但捕获朋友和父母只言片语的安慰 又觉得还能再往前走 变得厉害一点吧 有人在背后苦苦撑着我#厦门纹身##漳州纹身##泉州纹身##龙岩纹身# ～单恋。 ?,07月02日 19:34,0,0,0
夏野木又,//@还是夜间航班好 :做做吧，真的就差你一个，领一组也行，做一点也是做阿。。。//@Fjybwan :我的妈看看//@清醒一点吧可恶 :我真的看着姐妹累到进医院 心理难受的不得了 但就算倒下去了我还得让她交接完再去 大家都在拼命 我求求大家至少第一周撑住好吗 互动数这一项如果拉不开我们家真的很危险,07月02日 19:33,0,0,0
百灵吃黑米吗,这几天总为这事难过，有消息称要让羊儿道歉，真的差点就撑不下去，突然听到这个，这种感觉真的……我不知道该说什么了，我只想哭,07月02日 19:32,0,0,0
三更才,复习不完了我撑不下去了！！！我想死！！！ ?,07月02日 19:31,0,2,3
抱负远大饲养员,饿了心情不好，吃撑了心情依然不好，我撑的坐不下去了 ?,07月02日 19:30,0,0,0
少侠易洗不宜晒,中午吃了几个包子，居然撑到了这个时候！买个麻辣烫吧，趁着口腔溃疡不注意就吃下去了,07月02日 19:30,0,2,5
我妈不让我和你玩奥,这不是我想的长大的样子，生而为人，却活的不像个人，每一天都很心累，我撑不下去了，真的累了。 ?,07月02日 19:30,0,0,0
展翅翱翔的小虫,好累，有时候真的觉得快撑不下去了 ?,07月02日 19:28,0,0,0
我磕盾冬一万年,//@清醒一点吧可恶:我真的看着姐妹累到进医院，心理难受的不得了，但就算倒下去了我还得让她交接完再去，大家都在拼命，我求求大家至少一周，至少第一周撑住好吗，互动数这一项如果拉不开，我们家真的很危险,07月02日 19:28,0,0,0
我太可爱啦i,我快撑不下去了 ?,07月02日 19:28,0,0,0
真正的靓仔总是孤独的,//@清醒一点吧可恶:我真的看着姐妹累到进医院，心理难受的不得了，但就算倒下去了我还得让她交接完再去，大家都在拼命，我求求大家至少一周，至少第一周撑住好吗，互动数这一项如果拉不开，我们家真的很危险,07月02日 19:27,3,0,0
上夏两颗虎牙,宝贝们领号了 //@清醒一点吧可恶:我真的看着姐妹累到进医院，心理难受的不得了，但就算倒下去了我还得让她交接完再去，大家都在拼命，我求求大家至少一周，至少第一周撑住好吗，互动数这一项如果拉不开，我们家真的很危险,07月02日 19:25,0,0,0
Lucky_xxxxiao,ZICO #KOZ# 这就是我喜欢的禹智皓  正因为你的优秀  你的善良 你的努力  每当别人问起我 你的偶像是谁  我也很骄傲的说是 zico 禹智皓 每当我遇到困难感觉撑不下去的时候  我就告诉自己 我的偶像可是 打不倒的zico 禹智皓  饭与偶像  大家相互鼓励支撑  真好,07月02日 19:24,1,0,2
Hanne的秘密花园,我最近真的要崩溃了 真的 真的 我好难过  我特别想大哭一场 今天的一切让我觉得自己快撑不下去了 我觉得我真的 。 ???,07月02日 19:20,0,3,0
Fjybwan,我的妈。。看看//@清醒一点吧可恶:我真的看着姐妹累到进医院，心理难受的不得了，但就算倒下去了我还得让她交接完再去，大家都在拼命，我求求大家至少一周，至少第一周撑住好吗，互动数这一项如果拉不开，我们家真的很危险,07月02日 19:20,1,0,0
清醒一点吧可恶,我真的看着姐妹累到进医院，心理难受的不得了，但就算倒下去了我还得让她交接完再去，大家都在拼命，我求求大家至少一周，至少第一周撑住好吗，互动数这一项如果拉不开，我们家真的很危险,07月02日 19:20,8,0,1
傻傻的jessica,我感觉自己快要撑不下去了！ 2娄底 ?,07月02日 19:19,0,0,0
森域林,天哪为什么还有两科我快撑不下去了我要回家?  ?  ?  ?  ?  ?,07月02日 19:18,0,0,1
canoe6666,莫名其妙就来到暑假了，是时候开始补一波凹凸世界了实不相瞒，目前记忆还停留在鬼狐凉凉那里，实在是悲痛欲绝，导致根本不能继续看下去，晾了一段时间，悲伤逐渐散去，终于有勇气去接受下一阶段的风暴洗礼希望我的纸巾能撑住！ ?,07月02日 19:18,0,0,0
Caroline_995,今天想去尝尝另一家椰子鸡结果中午居然没开门 我又去了老地方绝杀慕尼黑超好看黑匣子烧仙草好次 料给的也太多了撑的根本吃不下 买了隔壁很火的韩糕就让人：？什么玩意 桂花米糕比普通两块钱一块的米糕还硬但是还可以 切糕就一点味道都没有根本吃不下去第四次给崽剃毛 我终于没受伤了? ?  ?,07月02日 19:14,0,0,0
用户6848135034,她因为被诊断出患了癌症，到医院天台上要自杀。他一直劝着她。她哭着对他说:医生都说康复的几率微乎其微了，我不想将来病重的时候受苦，我没有亲人，我撑不下去。“你还有我呢！我爱你，我就不会放弃你！” ?,07月02日 19:14,0,0,0
用户6846735017,「我……我真的撑不下去了。」她啜泣着把脸埋进了双手，我拍着她的肩膀鼓励她：「你一定要撑下去啊！难道你忘了开始时我俩一起许下的誓言了么？这可是300一个人的自助餐啊！」 ?,07月02日 19:12,0,0,0
花言草语花艺,最近，前所未有累，心累，身体累，感觉自己的路都是在被迫向前走，并不是自己要走的方向和目的地，都说支撑不下去的时候是在走上坡路，但什么时候才能撑过去～！感觉自己的能力实在有限，但非要选择了一条条艰难的路再走，前方的光明到底在哪里…… ?,07月02日 19:10,1,0,0
Misswhite14912,我一定要撑下去，谁也帮不了我，我一定要坚持下去 ?,07月02日 19:08,0,0,0
用户6847374346,他约她吃甜品看电影，可是，始终不敢有进一步的动作，连好几次碰到她的手都没有牵。天下着小雨，他们各自撑着伞在散步，她想，这个笨蛋怎么那么不主动？于是在路过小桥时，她折起自己的伞扔到河水里。他愣住了。她笑着说：你就这样让我一个人淋雨啊?他恍然大悟，咻一声也把自己的伞扔下去了…… ?,07月02日 19:05,0,0,0
傻小石榴,我好心累，两个手臂都抬不起来了，还要挑我的刺，说带崽没带好，这个发完烧那个接着来，我快撑不下去了…… ?,07月02日 19:04,0,1,1
缓缓向你,下雨了，唉。毛孔都被雨气浸泡的张开，烤鸭才吃了一半，已经撑得吃不下去。想起送你的故事里，你总要在雨天才肯享受快乐。满天风雨在六楼，整个走廊都是风在咆哮，风的腥味灌满了房间。远处的天空变得灰黄，今天是暴风雨之夜。 ?,07月02日 19:04,0,0,0
aquathree,每一天早上起床都觉得自己一分钟也坚持不下去了每一天晚上睡前都又撑过了工作12小时的一天请各路大神来解救我吧? ? ?  ?,07月02日 19:03,0,0,0
kksweet,白天还能勉强度日，一到漫长的夜晚我就撑不下去了,07月02日 19:03,2,0,0
用户6847362893,她因为被诊断出患了癌症，到医院天台上要自杀。他一直劝着她。她哭着对他说:医生都说康复的几率微乎其微了，我不想将来病重的时候受苦，我没有亲人，我撑不下去。“你还有我呢！我爱你，我就不会放弃你！” ?,07月02日 19:03,0,0,0
等我写完作业,早上就计划好晚上要吃什么了，肥肠粉有点辣出门的时候就下雨了，但没想到吃完雨更大了勉勉强强撑到教室，有点读不下去完了但还是希望明天有机考的好一点继续读书了 2福州 ?,07月02日 19:01,1,1,0
困困流口水,“钢化膜像牙刷一样，每三个月换一次，不然 撑不下去。” ?,07月02日 18:59,0,0,0
聚焦娱乐八卦,我真的撑不下去了，我不想赚钱吗？我不想成功吗？可我选了这条路，我不坚持我能怎么办？半路扔掉吗？鬼知道我有多么心痛，多么不想。 ?,07月02日 18:58,0,0,1
小号不要再被发现了啊,哎每天都在想如果意外死亡的人是我就好了。生活偶尔给我一点甜甜，然后转脸就给我一个大耳刮子。我挂在悬崖边，抓着最后一根草，快撑不下去了。 ?,07月02日 18:58,0,0,0
灵枢2018,故事49:今天早上计划5点起床去跳绳的。也确实5点醒了但是困，根本就没精力起床。半睡半醒撑到了6点，起来跳了半小时的绳，困的两眼都睁不开，回去继续睡，睡到7点半左右才坚持起来。总跟自己说不要睡回笼觉。对身体不好。但是人困的没毅力支撑下去。深意：人的任何想法要建立在一定的基础上，要实现某 ?  展开全文c,07月02日 18:57,0,0,1
桃子_还是要努力活下去啊,佳哥仿佛是我心理状态的测量仪喝酒的话基本上我往后一靠并在内心长叹一声“想睡马佳啊”而且没有小人反驳“你别傻了”就属于进入喝飘了的状态，可以考虑停下了。加班加到“不行我得赶紧想想马佳不然撑不下去了”就属于内心的防线马上要被突破了得想办法了。想了马佳也没用就得赶紧看看左右有没有人 ?  展开全文c,07月02日 18:55,1,1,2
随随随喜,我以为在我快要撑不下去的时候你会是我的救命稻草，但终究你对芒果的偏爱成了压死我的最后一根稻草，只能自渡罢了。 ?,07月02日 18:54,0,0,0
弧语66,我收回这些话 我还是没有坚持下去 实在是一言难尽 之前我以为人换了没关系 他还是鸡条吖 我还可以看小猪 小绵羊…… 后来 就越来越撑不住了 他真的变得完全不一样 面目全非 祝这个新节目会有人喜欢看吧 我放弃了  不过 极限六人帮永远在我心里,07月02日 18:49,0,0,0
Unique-lijielian,这么多年唯一保持的就是对音乐的喜爱，从音乐中找到感同身受的自己，与之对话的自己，汲取能量的自己。上半年过去了，距离我再回来8个月过去了，时间很快，可是也很慢，整个上半年自己的状态很差，甚至于是痛苦，很多次我都觉得自己撑不下去了，我不是一个矫情、吃不了苦的女孩，可到了崩溃边缘痛哭一 ?  展开全文c,07月02日 18:47,0,4,2
刘大难难,一个男人、一个中年男人，一个成熟的中年男人，面对人情世故、面对重重困难，也有撑不下去不想面对的时候 ?,07月02日 18:44,0,0,0
Lohas高,感觉自己快撑不下去了每天跑医院 其实也不想跟谁吐槽 怕被嫌烦好想休息一个月躲在房间里不出去啊好累好累又不敢自杀我喜欢你 想跟你在一起一辈子 想跟你结婚 ?,07月02日 18:43,0,0,0
西沉hey,到底还有多久多长，我真的快撑不下去了 ?,07月02日 18:43,0,0,0
G酱___,我大概知道为什么齐神评分那么低了，老实说看到第十集就不太想看，上一部喜欢的铁老二隐隐有崩的趋势。对从上一部就捧得很高的慕容家没什么感觉，就凭他们在之前几部中原有难不伸出援手，就感觉整个慕容家不够大气。啧，不行，后面还有公子开明的戏份，我得撑下去…… ?,07月02日 18:42,0,0,0
草莓红烧兔头,当父母骂我的时候当我和你吵架的时候当我需要人安慰却没有人的时候当我以为一点一点靠近太阳的时候当面对别人我需要一次次扬起嘴角的时候当别人问我什么时候好的时候我一点一点的掉下去我一点一点的陷进去没有人抓着我的手又或者是选择了给我了一根绳可是我好累撑的好累我受不了了这垃圾 ?  展开全文c,07月02日 18:40,0,0,0
我觉得这个名字不会重,节目如果仅仅靠热搜撑下去，那不如不做，脏了peace&love两个词,07月02日 18:37,0,0,0
BrennaSoLucky,打击的多了，感觉自己都快撑不下去了 ?,07月02日 18:34,0,0,0
吖梨er,每天都是报表报表，从早到晚都是报表做梦在报表，走路在报表，吃饭在报表，不对，不叫吃饭，是倒饭一直安慰自己撑过这几个月就好了，可tmd感觉真撑不下去 ?,07月02日 18:33,0,12,1
 -反摩擦系数,这个夏天在今天到来 没有想到的是 在这个我最喜欢的季节 我可能撑不下去了 ?,07月02日 18:31,0,1,1
零岚恋,我不知道一个每天都想着自杀的19岁女孩能活多久，但是我知道反正肯定没有每天都享受生活的50岁大妈活得久，所以我在这么着急，着急在我真的撑不下去之前，在这个世界多留一些印记 ?,07月02日 18:30,0,1,0
时空信箱MG,@韩书文  她说她撑不下去了，但还是希望你们能好好结束，不留遗憾 #时空信箱MG# ［评论区留下心里话，让我为你传达］L时空信箱的秒拍视频 ?,07月02日 18:29,0,0,0
霸主别基,逗，咱以后戏可不可以不要这么多，我的慧颜滤镜快撑不下去了,07月02日 18:26,0,0,1
{乃才а,《肀Ъ纭诽 : ... 附近另有一g食店u~，s非常受g迎，T庭若市，相χ下，wI小店冷清空寂，^者心酸。@θ毡纠戏D本O不想u的，o奈再也尾幌氯ァＳ懈凵坛龈rI，最後含I合同。@位港商付了X，看中京都大量的中和外[客，⒌曜痈橹包子店。(2) ... ?,07月02日 18:26,1,1,0
knightknight198308,摩羯受伤了，可能会在角落哭着自言自语：“我撑不下去了”但哭完了，说不定又擦去泪水对自己说：“没关系，我还可以再撑一会”不为别的，只因为真的太在乎了，在摩羯的字典里，没有值不值得，只有爱不爱。只要摩羯爱上了，一切都很值得，再痛都是值得的。 ?,07月02日 18:25,0,0,0
家有漂亮老公,我撑不下去了。 ?,07月02日 18:25,0,0,0
Deborah要自信,上周这时候跟搭档互相在说幸好有你，今天领导来了句幸好有你们弄了半天不止我俩觉得撑不下去啊,07月02日 18:24,0,0,0
田心宇Flora,有个弟弟简直太好了 期末熬不下去的时候给妈妈打电话，她在忙的时候就会给我匆匆挂掉（或者是俺和她又拌嘴了），这个时候我就会给弟弟打电话，每次都能聊很久，这种有人说话的感觉简直太美妙了，还有我滴QQ密码全世界只有两个人知道诶，哦吼吼吼啊所以期末考试快点结束吧，俺要撑不住啦  ?  展开全文c,07月02日 18:22,0,0,1
深圳鼻综A修鸵缴,【哥本哈根食谱】DAY2 早起减重3.6斤我原本就是每天早上只喝一杯咖啡，所以早餐感觉没变化。其他两餐都吃得很撑，暂时没有饿到自己，不知道接下来会不会很痛苦。秀丽。了18号的成都签售会瘦瘦美美地去见你们，咬牙坚持下去～ ?,07月02日 18:14,0,0,0
XXyySS_JK,快要撑不下去了啊啊啊啊啊…这工作果然薪资要配上相同的工作cnm ?,07月02日 18:07,0,0,2
Sylvia11q,【一定要记住在黑暗崩溃中紧紧拉住你的手的人】 常常觉得在这生活中坚持不下去了，但捕获家人和朋友只言片语的安慰，还是觉得能再往前走走，变得厉害点吧。有人在背后苦苦撑着我，让我生活在这一刻，好好享受我的今天，从容品尝生命的滋味。还记得你说家是唯一城堡 。 ?,07月02日 18:07,0,3,32
猪八戒的常饿仙子,这种生活我快撑不下去了 ?,07月02日 17:58,0,0,0
巴菲塔弗拉尔森德,//@亚尼大帝: //@躁狂的暗暗: 消防员的哭声和下面的起哄声真的判若云泥//@我可以睡您吗:那个消防员撕心裂肺的哭声我也还记得。//@努力成为有猫阶级:我一直记得这个女孩，跳楼前对消防员说谢谢，可是她真的是撑不下去了，在她苦苦挣扎的那段黑暗时光里，根本等不到一句“抓了”……,07月02日 17:50,0,0,0
Meiangrs,我减肥的意志力真的太差了已经连着一周晚上自助餐麻辣烫了上一周饿下去的三斤 全跑回来还赠送了一斤跑步计划今天实施我就不信我减不到95现在105我看这十斤肉能撑几天！ ?,07月02日 17:48,0,0,0
林恩-sunny,转发微博//@M大王叫我来巡山:今年有没有好些啊本地人真的对光明有感情//@江南大野花:再转一下，希望他们能撑下去//@YAY永琪我们说好的姓福呢么么:我不吃伊利雪糕了//@Tiger公子://@码字的轻影:一直都订光明鲜奶喝的，每天一杯//@亚尼大帝:我买都是买光明的,07月02日 17:45,0,0,1
一罐可乐Alano,我太难受了   怎么会这么难受呢  我才明白原来我一直以来抱怨的生活原来在处处包容我   原来比悲伤更悲伤的是这些   原来没有最悲伤的事情只有更悲伤的事情   我有点撑不下去了我太难受了 ?,07月02日 17:44,0,0,0
芋山海,#凤凰花开的路口-胡夏# 撑不下去了听听你声音会好很多啊。想听你唱一辈子。 ?,07月02日 17:41,0,0,3
不枉NK,下午要搬宿舍，想着中午多吃一点，买了一份凉皮，觉得也不多，吃完躺在床上休息怎么也睡不着，撑得难受，但又特别想吃冰激凌，百度了一下，说喝点酸奶有助于消化，穿上鞋子给他发消息说难受，他问我哪里难受，我说哪里都难受，准备下去走走.他说下来陪我，我说不用了，天太热了，你睡觉就好，他不听非 ?  展开全文c,07月02日 17:37,0,1,2
肖恩啊我不是很善良小xi,世不遇你，生无可喜。很多事情都不应该打败我，我要更好的，去见你和小朋友。要有撑下去的快乐O网页链接 ?,07月02日 17:35,1,12,0
 -ilomylo,特别不抗压，表面处事态度就是撑不下去就算了，搞不定的就早点逃避掉。怀疑那些特别乐观的人是不是装的？背地里还是想 再坚持一下吧，有什么所谓，我不为难自己，也许会有转机。 ?,07月02日 17:25,0,0,3
让我帮你盖被子,乐乐你到底什么时候出现 妈妈已经要撑不下去了,07月02日 17:24,0,0,0
梦想晶莹,我真的好累我真的撑不下去了意外请你比明天更早来临 ?,07月02日 17:20,0,0,1
ZX挚爱XZQ,当个成功商人能带领股东赚钱就是了，真快撑不下去的时候，股东自会联合起来换人,07月02日 17:18,0,0,0
李俊F一点都不惹人喜欢,其实我已经快撑不下去了 ?,07月02日 17:10,0,0,0
91年的小珠珠,抑郁症 七月中旬有一起去旅行的女生吗去 （贵州遵义 ） 去吃小吃  去看风景  去放松一下情绪   不然我 ...........真的快撑不下去了 ?,07月02日 17:10,0,8,0
分你一口鸡腿吃,#夏瀚宇成熟男人# ?  #夏瀚宇 妹坨# 天真得只有你 令神仙鱼归天要怪谁 以为留在原地不够遨游 就让它沙滩里戏水 那次得你冒险半夜上山 争拗中队友不想撑下去 那时其实尝尽真正自由 但又感到没趣 不要紧 山野都有雾 顽童亦学乖不敢太勇敢 世上有多少个缤纷乐园 任你行 夏瀚宇加油呀～@UNINE_夏瀚宇 ?,07月02日 17:03,0,0,1
下雨惹也,我也想说 不想自己撑下去了。 ?,07月02日 17:00,0,0,1
Sunbeam--Kai,张云雷今天考的好差劲                想跪在老师面前求不挂                考试的第6天                明天还有一门                我撑不下去了 ?,07月02日 16:59,0,2,0
浪荡公子冫,失望越来越多，，，，我撑不下去了， 2包头 ?,07月02日 16:58,0,0,1
宇宙销量贩售的夏天,人生第一次为了听解药充了网易云会员震撼我自己了我现在有一种不听歌就撑不下去的感觉每天都要靠被歌治愈好累(?;;`)完全没有动力(>n<)想哭(┯_┯) ?,07月02日 16:56,0,0,0
搞冰,我是真的看不懂大群即使有大表哥我还是撑不下去 ?,07月02日 16:47,0,0,0
瓶邪alone,活着，度日如年。要不是家人。我早就走了。我有个死亡倒计时的计划。告别亲人朋友。我就撤了。撑不下去了。 ?,07月02日 16:46,0,0,0
未觉仙知,"给自己一点掌声。漫漫一个人的旅途中,有过寂寞、失落、沮丧甚至是想放弃时候,总有种不甘让自己战胜怯懦,使无畏的心更加的坚强,不时给自己来点掌声温暖和激励自己独自前行的路。当自己累了、倦了、快撑不下去了,再给自己一点掌声,不只是对自己寂寞灵魂的一种填充,更是对风雨人生的一种从容。相信自己,肯 ?  展开全文c",07月02日 16:39,0,2,2
什么是稀奇古怪,不知道要故作坚强到什么时候，撑下去，直到世界的尽头么？我也没有答案。 ?,07月02日 16:38,0,1,0
雪菇凉___,撑不下去的时候看看家里的父亲小时候您对我有需必应现在我希望自己对您亦有需必应都说父母是子女与死亡的那道墙今年莫名的感觉家中的长辈都开始老去自己的无力感也越来越强 ?,07月02日 16:38,0,0,0
Wang希ya,很多撑不下去的时候都是咖啡一直陪着你? 2荆门 ?,07月02日 16:35,0,2,2
草莓红烧兔头,撑不下去了，一切看定数抑郁症 ?,07月02日 16:33,0,1,0
红糖xx,撑不下去了，快随便来个人把我娶走吧 ?,07月02日 16:26,0,4,5
鱼鱼君2012,躺了两天，本以为能熬过去，还是撑不下去了不得不服老！出来西湖边吹吹风，让一切都随着病毒随风消散吧 ?,07月02日 16:22,0,0,0
_成美甜糖,博君一肖下雪了，如果我们不撑伞，一直走下去，是不是可以一路到白头？ ?,07月02日 16:16,6,11,45
小鱼不吃醋醋,昨天下午雨下得很大，我的车给cc开走了，于是乎他准备开车来接我。快到下班点了他叫我快下去，我飞奔下去后发现他撑着伞站在我公司门口，我问他：“车子呢？”他指了指对面。然后他牵着我过马路，却径直走到一辆汽车旁。我立马发现不对劲，说：“我靠你爸来了！？”他笑而不语。没想到跟小c爹地第二次 ?  展开全文c,07月02日 16:12,0,0,1
皇姑小女人,发布了头条文章：《浙大博士跳江自杀：孩子，若你撑不下去，就看看这18张照片》 #生老病死是时间的无情，但总有人在爱着你。 O浙大博士跳江自杀：孩子，若你撑不下去，就看看这18张照片 ?,07月02日 16:00,0,0,0
卖酸菜的奶奶,我会有一些奇奇怪怪的想法。例如随便找个人结婚。过不下去离婚也罢。至少让他们明白，婚姻不是任何一个人的最终归宿。你们想看到的不论是我幸福，还是我给你撑起的面子，我可能都做不到。我一直以为陌生的口舌之争是最难逃离的。其实不然。我在乎的人抱着各种各样的想法给我施加压力是最令我 ?  展开全文c,07月02日 15:56,0,2,0
伯满宠楠,唯爱王源 #中华牙膏品牌代言人王源# 每一种人生，每一种生活，每一种选择，都有那么多令我们想象不到的痛苦和无奈。但是要相信，所有的难过，难是难，总会过，你只管努力剩下的交给时间。撑下去，就有后来的一切！@TFBOYS-王源 wy 二字 王源 #王源2019无畏前行# ?,07月02日 15:56,0,22,9
显咸_M,#台风蜕变之战#如果狗屠要删小踢以前的视频 那我真的撑不下去了 永远下楼谢谢 ?,07月02日 15:45,0,0,0
小吖小小语,能熬到9月吗？感觉撑不下去了啊。变得越来越暴躁，变得越来越不喜欢自己，我为什么会变成这样的人，为什么要变成这样的自己。是不是九月都要熬不到了。 ?,07月02日 15:43,0,2,1
阿有Rnn,请问要怎么看影像真的快撑不下去了救命?  ?,07月02日 15:43,0,0,0
机智豆仔,Becca 的水散粉从全网推到全网黑我的这块虽然也没有水水的感觉了，但我觉得毛孔隐形和控油能力还行呀大油皮是不指望一天不出油的，到中午用粉饼补一下也是撑的下去的，有人说会结块，我也好像不会，可能这些都是因人而异的吧，就像我用一个次nyx天使面纱妆前乳搓泥一次完全放弃 ?,07月02日 15:39,0,4,0
老左心很累,说的太对了//@Uhavesomanypieces :东d能包容大家的软弱//@老左心很累 :谁也不能保证时刻勇敢，但因为有家人/朋友能撑过来坚持下去站起来，这就是东d啊。还有柚叶妹子，从小就能挺身而出保护弟弟，这些年来辛苦你了啊，能说出那句挨双份的揍是需要多大的力量啊,07月02日 15:38,0,0,1
用户7114829902,转发微博//@M大王叫我来巡山:今年有没有好些啊本地人真的对光明有感情//@江南大野花:再转一下，希望他们能撑下去//@YAY永琪我们说好的姓福呢么么:我不吃伊利雪糕了//@Tiger公子://@码字的轻影:一直都订光明鲜奶喝的，每天一杯//@亚尼大帝:我买都是买光明的,07月02日 15:38,0,0,1
洛伊Aimee,啊啊啊啊啊啊啊啊我又学不下去了好多知识点不想记脑袋一团浆糊中午吃那么多还特别撑 难受?  ?,07月02日 15:36,0,0,1
蔡尘埃,又是胃痛，照这么个情况下去 …… 这身体能不能撑到2030年还是问题呢。我可不能先去未来啊，我特么2030年还要给她打电话呢[好棒][好棒][好棒][好棒][好棒] ?,07月02日 15:35,0,0,0
G的A,无法被信任才是最让人绝望的。感觉抑郁到快要撑不下去了。话越来越少，每天几乎都安静到几乎变成了哑巴，只有见到最亲的人，才感觉自己还是个活生生的人。可是，我还是想要得到最重要的人的信任，对我的，对我家人的信任。如果我因为无法被信任而失去不可承受的，那我宁愿就此永远的闭上眼。 ?,07月02日 15:33,0,0,0
蓝浅浅浅浅_,我感觉自己好不了了吃了药感觉就像抑制了所有的情绪整个人都很麻木状态好差吃不下东西又头晕恶心 止不住的打哈欠我自己一个人 真的要撑不下去了我真的好难受 ?,07月02日 15:32,0,0,0
小小小小魔yu,华晨宇 小酒窝p好，九宫格已经放不下去了，怎么办重新开博还是自己去评论里捞///? 完音乐节的我已经瘫了，把7.7青岛音乐节视频都发到微博里了@华晨宇yu ，明天回北京继续p图///我把最近p的图都放上来了，今天继续堵着鼻孔p肱二头肌，真的不是人干 ?  展开全文c,07月02日 15:29,175,815,551
oo的`放123,我真的要撑不下去了，身心俱疲，没有盼望。这种滋味儿太难受了 2沈阳 ?,07月02日 15:26,0,0,0
荔枝老婆,我承认我过得一点也不好，很多时候我真的都熬不下去，快要崩溃了。我不知道哪儿来这么多压力，我改变的和失去的都太多了。好多事情我真的接受不了，但我也无力抗拒，只能哭完了再爬起来老老实实继续走下去，因为我除了一个人撑着别无选择。 ???,07月02日 15:18,0,0,0
用户5740939822,也就你心大。”其实死也没什么可怕的，说不定投胎还能过一过更好的人生，迎娶高富帅，出任ceo，走上人生巅峰，哈哈哈哈……”华说完，感觉到攀着的岩石松了一松，她叹口气，“南烛，我撑不下去了，希望我们来世还能遇上，我还没给你当伴娘呢，虽然你可能八百年也脱不了单。”南烛呸了一声：“老娘从不 ?  展开全文c,07月02日 15:09,0,0,1
狡兔三窟__,下半年挑战非常多 如果可以成功 收获也可以很多。精神头不比从前 但勉强还可以靠个兴趣撑下去。做不好我就不配当gql的妈妈?  ?,07月02日 15:02,0,4,1
今天清醒了嘛_,今天也是难受的一天 就看我们谁撑不下去了。 ?,07月02日 15:02,0,0,0
ucannotfindmeuntiliwantthat,撑不下去了哈^_^ ?,07月02日 14:51,0,6,2
zhangy-yoyo,喜欢杰哥的第8年，每天晚上听着杰哥的歌入睡，参加比赛也是唱杰哥的歌，这么多年，每当我撑不下去的时候，是杰哥给了我走下去的勇气，给了我力量！我会一直听他唱下去的。张杰勇敢飞，星星永相随！！@温碧泉 @张杰,07月02日 14:48,0,0,0
布哒哆,哪天我实在撑不下去了，我所背负的和我的家人该怎么办……真的一场生意把自己搞得满身是债，而且还连累到家人，老天，能给我一条重新再来的机会吗…我只想努力的还清负债和挽救这个家 2重庆 ?,07月02日 14:33,0,2,3
ShiryHadmes咸金鱼,缺睡就会疲惫，疲惫就会没有力气开心，不开心就会丧，所以我什么时候能睡觉还行吧还行吧，还活得下去，撑一下 ?,07月02日 14:30,0,0,0
chenxiaosa_,暑假已经穷到家了……还要继续养身体一天快两百大洋我连这个月都撑不下去我只想健健康康+暴富 ?,07月02日 14:28,0,0,0
毛果芸香简,在连续撑了好几天烂伞以后，老师终于看不下去了 ?,07月02日 14:22,0,0,0
蓝厍咆PT524,给自己的九句话当你撑不下去[雪人]的时候 ?,07月02日 14:20,0,0,1
44icer20,抑郁症好累，什么时候是个头，快撑不下去了 ?,07月02日 14:16,0,0,0
VIN-錾喜瞬,我真的是一个特别不敢给建议的人，甚至连劝别人勇敢的勇气都没有。我特别信仰独立，信仰自我的意志高于外界的舆论，但我没有办法对任何一个舆论中的人说，勇敢做自己就好了。我没办法劝别人咬咬牙撑下去就好了，别办法告诉喜欢同性的人大不了就出柜呗，没办法让在家人和自我中挣扎的人不管不顾家人的 ?  展开全文c,07月02日 14:15,0,4,1
桉溆杼,你什么时候回来抱抱我阿 我真的快撑不下去了 ?,07月02日 14:15,0,0,2
一贰三思无,没有咖啡真的撑不下去我看所有陪练老师一下课都是抱着枕头立马入睡。 ?,07月02日 14:15,0,1,1
檎酋,撑不下去了… ?,07月02日 14:04,0,4,2
我是张麟一,累真是导师选得好，还没开学，ddl让人很头疼了。追得真紧啊，任务进度卡的刚刚好，连存稿的机会都不给再这样下去，晨跑就撑不住了。 2忻州 ?,07月02日 14:04,0,1,1
Uhavesomanypieces,东d能包容大家的软弱//@老左心很累:谁也不能保证时刻勇敢，但因为有家人/朋友能撑过来坚持下去站起来，这就是东d啊。还有柚叶妹子，从小就能挺身而出保护弟弟，这些年来辛苦你了啊，能说出那句挨双份的揍是需要多大的力量啊,07月02日 14:02,1,0,2
K尚K,酱酱呐想一想你以前多酷啊自己一个人可以做很多事情的知道你不喜欢孤独知道你只是假装习惯了孤独但是以前可以现在也可以的继续做个自闭小孩吧冰山可以被吵醒也可以继续入睡只是需要冬天的到来酱酱考完试好好睡一觉吧睡醒一切都好了实在撑不下去了就再去找cbm他是专业的去跟他说你又复 ?  展开全文c,07月02日 13:59,0,2,1
圆不隆冬卟隆咚,谁不是硬着头皮撑着微博关键字搜辞职 看着不认识的陌生人们发着相同的心情 回到现实却那么残酷 大中午完全没有食欲 几度再不辞我就是狗 但几度又自我说服洗脑犹豫厕所是当代新青年最安全的避难所 苦丧着脸和爸妈诉说着委屈 聊着聊着老妈也被我带出了哭腔 好难过啊  撑不撑的下去啊 为什么社会生存 ?  展开全文c,07月02日 13:59,0,0,1
晗小晗不是梦小卿,都剩最后一科了我怎么撑不下去了本来想着最后一科熬夜就熬夜吧结果现在看看熬夜也熬不动自己就困了?  ?,07月02日 13:57,0,0,1
cetusddd,真的感觉撑不下去了，每一秒都在焦虑 ?,07月02日 13:52,0,0,0
智商你不能死,撑不下去.不想坚持了. ?,07月02日 13:48,2,6,1
假迷三道的乔治,有个实习生要走了，希望另一个能留下，另一个正好是我这个专业的，我对他的期望更大。但是我这现在人太少了，走一个也很心疼！有个老员工可能有愤怒调节方面的障碍，今天又给我搞得气氛不和谐，我准备让他走。这就意味着又少一个人，又多一份活，头疼、失眠、感觉要撑不下去了…… ?,07月02日 13:48,0,0,0
用户6469024321,发高烧飞航班..站都站不稳一直想吐 延误到深圳已经凌晨两点了 发现流血了..害怕的要命 想哭 下车被司机用后备箱撞了一下胳膊 疼的抬不起来 最近好丧啊 能不能有点好事情发生 一会还要去医院...加油没什么事是我一个人撑不下去的…… ?,07月02日 13:46,0,0,0
是个俗人咯,全靠男女主颜值撑着看下去hhh,07月02日 13:46,0,0,0
等老北京城下一场盛世霜雪,这狗逼生活，我撑不下去啦 ?,07月02日 13:39,0,0,0
我的鱼没有海,第四个疗程，陈老师不让我玩微博。她说心理极端的人越缺什么越爱表现什么。我觉得我遇到能的称之为婊的男女都善于伪装丑恶的嘴脸并表现得一派岁月静好。她还说，人丑多作怪。想了想，还真是这样啊。相由心生，长不高长得丑不是没有原因的。陈妈真好，没有她我可能早就撑不下去了。 最后一条，微博88  ?  展开全文c,07月02日 13:34,1,0,0
独恋一支华,转发微博//@M大王叫我来巡山:今年有没有好些啊本地人真的对光明有感情//@江南大野花:再转一下，希望他们能撑下去//@YAY永琪我们说好的姓福呢么么:我不吃伊利雪糕了//@Tiger公子://@码字的轻影:一直都订光明鲜奶喝的，每天一杯//@亚尼大帝:我买都是买光明的,07月02日 13:33,0,0,1
小刺猬芮,赵雷下午两点半，期末考，最后一科财务管理，很难，为了这科考试，天天泡图书馆，不敢打游戏，不敢玩，不敢多睡，每天被这科考试吓醒，每次复习到快撑不下去了，就来看看雷子，听听雷子的歌，感谢雷子带给我的能量，也希望考试顺利 ?,07月02日 13:30,0,11,4
52赫兹的鲸xy,总有撑不下去的时候   但我不想回头. ?,07月02日 13:28,1,0,0
张耀翠,终于有一句话，让我最近的压力得到缓解。? ? ? 这段时间接近奔溃，几乎撑不下去了。还好，接受平淡也是一种幸福的常态。//@蹙损他淡淡春山-:接受平淡也是一种幸福的常态。,07月02日 13:25,0,0,0
云又开光芒耀眼,我要感受 忍受 爱情也有湍流，  充氧期不放手，  撑下去了以后 冲破极限奔走，  然后昂起头  ――[充氧期]孙燕姿//@GENINAD :#孙燕姿明日之子# 期待我宝,07月02日 13:24,0,0,0
汉歌阳,吃得好撑中午吃麻辣烫，有一种回到了初中的感觉。上午急急忙忙去上补习班，终于熬到下课，飞速跑去熟悉的店里买来吃。第一口吃下去整个人都要升天了吹爆学校里面的麻省理工麻辣烫，这名字一看就不简单 ?,07月02日 13:22,0,0,0
小贾的一天er,宝贝我撑不下去了， ?,07月02日 13:09,0,1,1
Pamela324,发生那么多事，真的有点撑不下去，好累，抱抱自己！ ?,07月02日 13:06,0,0,0
落于地的仙果,最近真的好累啊 不知道还能不能撑下去 ?,07月02日 13:05,0,0,0
来时立秋,实习之前要给自己做好最坏的心理建设撑不下去了就多看看宝包呜呜呜呜呜但我到底为啥才大二就要实习半年啊（怒吼???） ?,07月02日 13:02,0,0,1
名字依然难取2016,#今天的馒头# 明明可以八点才爬起来上班的舍友，却为了我上班能带走午饭，订了六点的闹钟起来做爱心便当? ！幸亏我先睡完午觉了，好吃到简直撑的趴不下去。这样的舍友希望一直有 2北京 ・ 大钟寺 ?,07月02日 13:02,0,8,5
阿松不气,我很幸运 我能和高中最好的朋友在一个大学彼此都没商量因为报考是大事 都心照不宣的没说真的可能雯不在辽师的话 我早撑不下去了我也很开心在一起时间最久的朋友还一直在我也很开心楠楠说暑假别忘了继续约我妈妈的闺蜜们也都是我最好的朋友们的妈妈 ?,07月02日 12:59,0,0,2
ZGYYDLJ,追了一部连硬撑都撑不下去的剧  十二时辰背课本 ?,07月02日 12:58,0,0,0
月下僧僧僧,洪之光 我看不下去了，我看得好撑 ?,07月02日 12:56,0,2,4
收故事的情话馆,是不是因为太喜欢你所以才会格外的卑微我有一种感觉那种感觉叫你不喜欢我但是我又没法确认但是我能肯定的就是我不找你你也不会找我其实这就已经说明一切了但我还是喜欢你就像俗语说的风走八千里不问归期我不知道这份爱能坚持多久但生活确实有点撑不下去了我多想再见你一面听那些风花雪月 ?  展开全文c,07月02日 12:54,0,0,0
吖惠小朋友,穿着高跟鞋? 从八点半走到十二点四十四，脚真的很疼，但是我又不能说 只能死忍着，到了吃饭的地方，很反胃，喝了几口汤才活过来，很难受，把所有饭都倒进肚子里，害怕下午撑不下去，最后实在吃不下去还是往嘴里继续塞，很想哭，很想把? 丢了，但是我知道不能这样做，因为后面全是领导，所以我不能 ?  展开全文c,07月02日 12:51,0,0,0
777777777Monster,到最后…情绪还是崩了……服了 最后半个小时都撑不下去 我可真棒…什么重要的事情都能搞砸 ?,07月02日 12:42,0,0,0
123叫诗姐,我看着球球的脸，特别想问他，如果我不要他了，会不会恨我，可是我真的好累，好累，我怕我撑不下去了，真的好累，可是宝宝妈妈真的坚持不下去了， ?,07月02日 12:41,0,0,0
去吃牛肉丸,收到萌姐的糖萌姐说学不下去的时候就吃一颗我一定撑到最后 ?,07月02日 12:41,0,0,2
快落养猫快落冲浪,本来想减肥 今天中午不吃饭……_突然发现撑不下去了早饭不吃再不吃中饭 有点点想吐槽的赶脚我还是去吃一点吧 ?,07月02日 12:31,0,0,0
请别关注我孤独就好,和馨园这地方，人生百态，不知道每个陌生人都经历过什么，未来即将经历什么。昨天晚上又有人跳楼，警察消防和围观的一大堆。楼顶那位陌生人，围观者妄加评论说让撑下去这种话也没什么实际意义，只是觉得每个人似乎都在经历着艰难与痛苦。去年我住的这单元隔壁单元一位小伙子十几楼跳下去，落在绿 ?  展开全文c,07月02日 12:30,0,0,1
JiNanFengi,#宋威龙#  为什么会那么喜欢宋威龙呢 大概是 不能说是人生中的低潮吧 算是这二十多年最难熬的时间段 是他伴着我度过的 就觉得这个大男孩儿笑起来真好看 很治愈 在经历了经济危机和爷爷去世 还有其他的一些事情后 不可否认 他是我那段时间能撑着继续生活下去的唯一动力  @宋威龙99 期望你越来越好的同时 ?  展开全文c,07月02日 12:28,0,2,6
纠不打结_Hao_w99,跟风看了复联4 因为昨天睡太晚 早上又起太早体检 实在是困 加上前一小时因为要铺垫剧情有点平 困得我眼睛快睁不开了 全靠意念撑下去（后排一个男的睡着了 还打呼 音响开那么大我同事被吓得叫了好几次他都没醒 实在佩服）后面找原石那里渐渐开始好看起来 最燃的还是所有漫威人物都出来的时候 我一个 ?  展开全文c,07月02日 12:28,0,0,0
MeQi琦,#喂胖系列#最近我瘦不下去是有原因的～吃到图三我就已经撑住了，但是吧我还在继续吃……?  ?,07月02日 12:28,0,1,1
小可耐的小蘑菇,举案齐眉多好听的成语快五年了，我好像撑不下去了。这个词能不能留给你和别人？ ?,07月02日 12:25,0,0,0
一颗不想长大的少女心,微博是个伤心地 我真的撑不下去了 还是再见吧 ?,07月02日 12:25,0,2,1
今天也没有去火星,之前穿我的裤子我觉得它变短了，我以为是我的肚腩顶着所以裤子掉不下去然后变短了，再后来我觉得我的肚子还好吧，我就觉得唔是不是我长高了，回到家之后我妈说唔你怎么好像胖了？ 唔上次回来也说我胖了这次又说我胖了，以此我真的是因为肚子太大然后裤子一直撑着所以我觉得短的。不过怎么我又胖了啊！ ?  展开全文c,07月02日 12:25,0,6,1
是但啦算数啦唔烦你啦,我很认真地总结分析了一下，为什么会搞成现在这样？就是目标定错了。也不知道去年年底的时候咋想的，跟自己说今年最好不要换人了。不要换人的想法本没有错，但遇到错的人还是得换啊，撑也撑不下去。倦了。我本是一条鱼，还是继续努力成为海王吧。 ???,07月02日 12:22,0,0,0
inseong哥哥的女朋友,我每天都感觉我撑不下去了 ?,07月02日 12:19,0,0,0
曾获仙女界丑胖穷小仙女冠军,完了今天是学不下去了 可能是撑到了反胃好想吐我要死了好难受啊一会肯定得吐 我有预感 ?,07月02日 12:18,0,2,0
月华罗B,那些痛苦的经历，也在让我变得更好，不这样想，怎么撑下去找你呢 ?,07月02日 12:17,1,0,0
lhlhlhlhlh420,感觉自己快撑不下去了 ?,07月02日 12:15,0,0,0
懂法律的小姐姐,#在职法考# 天将降大任于斯人也，必先苦其心志劳其筋骨，行拂乱其所为，增益其所不能撑不下去的时候念叨念叨，剩余103天，400小时#嘿呦猫咪##今天的馒头# 2北京 ?,07月02日 12:12,0,0,1
HZHENJIANG-,好像撑不下去了 ?,07月02日 12:06,0,0,0
几十月,希望等她长大了，可以从我这里得到挺大一笔钱，然后可以不用像我一样为了生存而放弃梦想，可以在撑不下去的时候说走就走，可以一生为所爱而活。爸妈给了她生命，我希望我这个哥哥能给她自由。 ?,07月02日 11:56,0,0,1
好没道理阿,我看了一集陈情令我真的是受不了了啊啊啊啊为什么蓝二的眼睛能那么无神啊啊啊为什么能那么丑啊啊啊啊全靠配音撑下去啊，而且王一博的脸和配音完全不搭噶啊啊啊我真的啊啊啊啊啊好丑啊导演选的什么狗屁演员啊我日我还是就当陈情令没存在过吧。 ?,07月02日 11:54,0,8,18
KwanyuLau,唉，真的感慨！不应该早结婚，懵懵懂懂就结婚生子，现在觉得这种生活根本不是自己想要的。那又如何，不还得为了孩子撑下去！这就是人参啊～人参再苦也得吞入喉，既来之则安之……没力气再去折腾……累！哭完擦干眼泪再接着面对生活。 ?,07月02日 11:45,0,2,1
百分之百的饭饭,学车的第二天，我已经觉得过了好几天了，感觉自己撑不下去了，已懵，太菜了 2淮安 ?,07月02日 11:44,0,2,1
Huang珊333_,快撑不下去了 ?,07月02日 11:44,0,2,2
佳佳_Lady,【姨妈必备】 最好的办法是喝和野生益母草调节～但这个止痛药我是家中常备 不止姨妈痛还有头痛偏头痛都可以～我只有在撑不下去的时候会吃一个 上次去我姐家我看她桌上也放着一盒[捂脸]家中必备 ?,07月02日 11:34,0,0,0
熬不如疯乖不如浪怀抱不如癫狂,日子太难熬了觉得撑不下去了，就看看倒计时吧 ?,07月02日 11:27,0,0,1
老左心很累,谁也不能保证时刻勇敢，但因为有家人/朋友能撑过来坚持下去站起来，这就是东d啊。还有柚叶妹子，从小就能挺身而出保护弟弟，这些年来辛苦你了啊，能说出那句挨双份的揍是需要多大的力量啊,07月02日 11:25,2,0,2
奥丽芙洁洁,昨晚怀着对体脂无法完全释怀又不断鼓励自已逆风飞扬坚定走下去的心情踏进健身房！被练前香蕉撑到不太舒服身体也有点肿但因为终于和新耳机宝宝阿桔有了初次合作士气提振了不少！庆幸自已选了鲜亮颜色和上衣好搭的一刚练习上有小调整多加了一组for斜方肌的动作感觉还不错会持续做 ?  展开全文c,07月02日 11:25,0,0,0
zhx010203,撑不下去了的感觉 2榆林 Lzhx010203的微博视频 ?,07月02日 11:20,0,0,0
潜水小财神,只能给自己讲了，不知道以后会在哪落脚，总是辛苦大于欢乐，还要撑下去，倒下也许很难站起来了，就剩这些了，勉强让自己还能往前走，还好，早习惯了怎么在黑夜里走路，如果这些苦涩我都一个人走过，还能遇见未来的一个你给我欢乐，那么，我会相信命中注定…… ?,07月02日 11:15,0,0,0
ITVVTI,woc 仁茜小朋友也遇上发育的问题了我喜欢的两个女运动员一个叶诗文 又一个任茜为什么加油加油加油如果真的撑不下去 也不要硬撑特别是仁茜小朋友还小好好念书 出路一样好 ?,07月02日 11:14,0,0,0
麻瓜鱼y,//@煌豹小队长:今日厌世消息（1/1）//@亚尼大帝://@躁狂的暗暗:消防员的哭声和下面的起哄声真的判若云泥//@我可以睡您吗:那个消防员撕心裂肺的哭声我也还记得。//@努力成为有猫阶级:我一直记得这个女孩，跳楼前对消防员说谢谢，可是她真的是撑不下去了，在她苦苦挣扎的那段黑暗时光里，根本等不到一句,07月02日 11:12,0,0,0
阿拉巴斯坦的鱼,真的要不是演员，我可能早就撑不下去了//@C-可尔必胜司姬满 :我真的是在靠演员嗑cp！? :所以他们的梗我们不懂……为什么？为什么他们这么让人上头，这是什么暗号，还得带解码吗？//@Chrobert桃糖资讯站 :桃糖“Downey的角色就是王冠上的宝石，不断犯错，寻找救赎。而队长是握稳方向盘的手。,07月02日 11:06,0,0,0
烟管豆丁,我知道是我不愿意醒过来 因为昨天梦里他又来了 只能在梦里贪恋他的脸和样子醒过来无数次 再睡的时候梦都会接上 我好累 我快撑不下去了 ?,07月02日 11:00,0,0,0
孟辣辣子,失眠，尿频，气喘，便秘，盗汗……上下班折腾，工作繁杂……老天爷子啊……时间快些过吧……这大热天的我快撑不下去了…… ?,07月02日 10:59,0,5,1
美好的一生太庸俗,什么时候我才能撑过这个坎啊。我真的快熬不下去了，生活也没有了，什么都没有 ?,07月02日 10:54,0,0,0
LivingFor1022,我真的不知道自己会这么的想你！也真的不知道这么久没你的消息！也真的不知道会这么久见不到你！也真的不知道自己能不能撑下去！ ?,07月02日 10:53,0,4,3
 -Viking-1,我特别欣赏双子猫，自己都明白自保的理性，这一点，比那些感性泛滥的就等着指望孩子的人，让人尊重百倍。独生子女，都不能指望。我就给她说，我欣赏的独立善于独处，并且希望你能尽可能长的保持这种状态。这样对大家的生活都是互不打扰。当然，你实在是自己撑不下去，我会相应安排。这不就是现实如此吗 ?  展开全文c,07月02日 10:48,0,0,1
笑921,我累了，怕你们担心也怕你们伤心，撑了那么久，撑不下去了，我不敢不坚强，因为没有肩膀可以依靠，不敢流泪哭泣，因为没有人在乎，更不能一切都为了自己，因为我明白付出才有回报。天上没有掉馅饼的事情，不努力老天爷都不会眷顾自己。所以你看到的我永远是那么开心那也乐观，即使心里在滴血，，，我也 ?  展开全文c,07月02日 10:39,0,1,1
木容树下老告鸟,我因为自己头发颜色变来变去 一直不敢跟爸妈打视频电话昨天终于撑不下去了结果妈妈说她早就知道我黄头发了只是没有说而已不过蓝头发―》银发 并不知道 ?,07月02日 10:38,0,2,0
秋秋鱼塘,这次是真的分开了，感觉好难熬，撑不下去了 ?,07月02日 10:37,1,0,0
我是喜欢你哟,早上起来就是头晕恶心肚子饿 胃里一阵翻涌 呕吐之后就是停不下来的眼泪 真的感觉撑不下去了不知道为什么就是把自己走成这样子了 2长沙 ?,07月02日 10:36,0,2,1
阿恢Iris,日剧「可以不可以」?一部看得心情跌宕的剧，不知道从何说起，主题曲是意外的收获，剧情一般。没错，我就是想夸结木晷牵五集之后，撑下去的动力~  Klike that!! (日剧《别扭合租房》片头曲 ； ドラマ「カカフカカ」オ`プニングテ`マ) ?,07月02日 10:32,0,2,3
hey阿崔姑娘,又一个因为抑郁症自杀的明星，中年阿泽走了，如今中年宝拉也走了我什么走呢？也感觉快要撑不下去了 ?,07月02日 10:31,0,1,0
2022yolo,最悲哀的是 压抑到极致只想哭 那一刻却发现自己已经没有眼泪了真的身心疲惫不堪看着那个窗户 都不确定自己下一秒会不会想不开冲下去会好的吧？日子会好的吧？可我不一定能撑到那时候了 ?,07月02日 10:30,0,0,1
逆向的鱼_76364,当你撑不下去的时候，看看这5句话（非常有用）没有过不去的坎，只有绕不过的心结。很多时候，打败你的并不是困难本身，而是你自己的心境。人的一生，难免遭遇各种困境，有时候，你会觉得心力俱疲，甚至是想放弃。 如果哪一天，你终于快被生活的艰辛打倒在地，实在难以再撑不下去的时候，就请看看这5 ?  展开全文c,07月02日 10:28,0,1,2
冉冉zyl,我真的很不喜欢一有动静就问这问那的，关心的不得了了。安安静静得过自己的日子不行吗？真就这么闲吗？“没关系啦，你还小。”“没关系啦，你还年轻。”“没关系啦，你肯定行的！”越这样说，我就越感觉自己像个废物一样！难道我只能靠这些话撑下去啦？太夸张啦，我不需要！但出于礼貌，还是要说一声： ?  展开全文c,07月02日 10:24,0,2,2
静静没什么大不了,“没有女朋友早就撑不下去了”这是什么神仙爱情 ?,07月02日 10:21,0,3,1
加贺美新,……我跟那个yhm聊? ? 不到30分钟就撑不下去了，我走了，很不安详 ?,07月02日 10:20,0,4,0
星座奇缘份,狮子座有个特点，就是明知道一切的真相，还是要装。装得无知，装得很傻。怕失去，怕离别。到最后撑不下去了，只能自己一个人躲在角落难受。狮子座不花心，狮子只是不容易说爱而已！别骗狮子，他们的心很小，小的只能容纳对方。 ?,07月02日 10:20,0,0,0
玛妮多,真的快撑不下去了，今年能不能马上结束 ?,07月02日 10:18,0,0,2
城管土匪一窝贼,#比特币跌破10000美元#写给[手套]自己的九句话当你撑不下去的时候 ?,07月02日 10:14,0,0,0
用户18133701377,你一筹莫展，别人没心没肺，你浑浑噩噩，别人无所谓！真不知道这日子怎么过！等到坚持不下去，撑不住了，崩溃了！会不会就结束了！ 2徐州 ?,07月02日 10:07,0,0,0
草莓阿么不要芝士,帮领导换完钱的感想就是 好想去湾湾喔 好想看演唱会喔 好想五月天喔快撑不下去了… ?,07月02日 10:05,0,0,1
甯欣言蹊,时间真残忍啊。//@我可以睡您吗:那个消防员撕心裂肺的哭声我也还记得。//@努力成为有猫阶级:我一直记得这个女孩，跳楼前对消防员说谢谢，可是她真的是撑不下去了，在她苦苦挣扎的那段黑暗时光里，根本等不到一句“抓了”……,07月02日 10:05,0,0,0
libro-amorez,感谢真是感谢我常常在想经历了这么多的事情若是你不在我身边我能不能撑得下去能不能安心坐在这里打开一本书一上午不分心能不能还可以对我爱的人撒娇像什么事情没有发生过一样去大笑想起诗篇一百一十八篇主啊～我那么不堪那么愚昧你这么爱我用厚重的爱和包容托着我想大哭，因为太感动～ ?,07月02日 10:04,0,0,0
pier200001,.....跃琨的华为P30的评测字幕快搞完了 我撑不下去了 先睡了 ?,07月02日 10:02,0,0,0
Rainiesa_,请告诉我，熬过这个七月就好了。请告诉我，现在的痛苦是暂时的。我怕我真的撑不下去，而想要依靠别人。 ?,07月02日 09:58,0,0,0
是么爽不是mo爽,从上周四吃的黄焖鸡，周五中午吃麻酱凉面，晚上吃烤鱼，周六华莱士外加大号榴莲饼，周日锡纸花甲粉，昨天又是大盆麻辣烫我现在胃肠动力减弱，自己已经消化不下去了，撑到想吐，还每天考试，我死了 2沧州 ?,07月02日 09:57,0,0,2
李姝1111哦耶,#小李下厨房#早上吃完一大碗面 零食啥的又吃一整个三明治? 开完会回家穿着吊带裙又吃了两个三明治? 的样子像极了肥肉猛女??也不知道怎么塞下去的昨天朋友说 吃半个紫米三明治就撑的不行了我........... ?,07月02日 09:56,0,6,10
你是固执的心事,如果不是鱼翅卡住了喉咙吞不下也吐不出，不是呼吸都接不上来，你不会想到小小的鱼翅有那么大的杀伤力，会让你阴影到这一辈子都不敢再碰鱼。如果不是争吵说尽难听的话没有台阶可下也没被给台阶，谁会倔到就算自己做不到撑不下去也不想腆着脸去示好。你不会觉得朋友争吵有什么的大不了，只是那种寒心会 ?  展开全文c,07月02日 09:51,0,2,1
可爱的小炒肉2333,查了排名，113/463，好像有那么点希望……这学期太累了，希望自己能撑下去……为什么我还是摆脱不了那些…… ?,07月02日 09:46,0,6,3
热心网友林笑笑,这种日子什么时候是个头啊我真的撑不下去了 ?,07月02日 09:44,0,0,0
禾小与,之前还说快撑不下去，现在彻底玻璃心了 ?,07月02日 09:44,0,0,0
小雅小雅温文尔雅,别说那些爹被狙跑了 我这个小透明都快撑不下去了呢9012了到底能不能睁眼看世界？ ?,07月02日 09:42,0,1,0
我拿了你的答题卡,每天靠算钱度日不然是撑不下去了 ?,07月02日 09:25,0,0,1
柒_劭,实名点赞小乔同学，一个怀着七个月宝宝的待产妈妈，从几个月前就陪着我们熬夜熬夜，研究应援不停的改改改，每天和店家沟通制作砍价到凌晨。好多次，我们都坚持不下去时，是彼此的鼓励撑到了最后。还好黑龙江分会有你们//@JJFederation黑龙江:心灵的圣所一起吗 圣所2.0哈尔滨站-筹备篇,07月02日 09:18,0,2,3
sK,新开的全家确实能缓解公司周围早餐荒漠的状况，可是我也他妈吃了快两个月的车仔面，快撑不下去了 ?,07月02日 09:17,0,0,1
王闲愚,经济形势不好，中小企业都撑不下去了，中国足球这个泡沫已经陆陆续续的破了……比如申鑫…… ?,07月02日 09:09,0,0,1
大傻比你快到碗里来,全程只能靠宋威龙的颜值撑下去，为什么要想不开弄个中文配音...，女主演我的少女时代也没有这么尬吧，剧情毫无看点，强行煽情，连舞会上的那个吻都是莫名其妙的.....，好多网剧都比这电影有故事情节，台词也那么瞎，不给女主配音可能还不会那么出戏讲真....,07月02日 09:05,1,0,0
薄凉相,真的快熬不下去了。好希望有c什N能沃我，我不要太快背@世界。 ?,07月02日 08:56,0,2,0
sfr-雨h钤,rng兄弟姐妹们有没有快快乐乐，人不多，大家一起无脑吹的粉丝群呀，微博傻盘多快撑不下去了 ?,07月02日 08:55,0,10,6
鹿晗和ST,我又来了//@鹿晗和ST:我快撑不下去了我要过,07月02日 08:55,9,0,0
三根墙草,才星期二我已经感觉撑不下去了 ?,07月02日 08:51,0,4,0
平秋皓ttw,#魏无羡睡蓝湛屋顶#看了五集，怎么都看不下去了，有的人有了边大配音是加分项，哪怕是宗政无忧，然而有的人，就算有边大配音都撑不起来……这个蓝忘机真的会演戏？哪儿毕业的？哦哦哦……唱跳艺人服了服了。 ?,07月02日 08:51,0,8,4
哥是往事钩沉,当你撑不下去的时候，当你心情烦躁的时候，当你觉得迷茫的时候，就读一遍。 ????1.清醒时做事，糊涂时读书，大怒时睡觉，独处时思考。2.再难也要坚持，再好也要淡泊，再差也要相信，再多也要节省。3.路是自己的，不必用别人的标准来框定自己的人生。4.当你的才华撑不起你的野心时，那你就 ?  展开全文c,07月02日 08:45,0,0,1
Lance_Odde,全天都在和饥饿与睡意斗争～看不进文献做不动实验让我想想怎样撑到10点半以后再睡～实验随缘吧～以及莹姐你到底是怎么把节食减肥坚持下去的 ?,07月02日 08:42,0,2,0
hh悦悦-,每天吃不下饭没胃口 睡不着觉毫无倦意 不想说话失去表达欲 不知道从什么时候开始的对未知生活的迷茫以及恐惧 控制不了自己要去钻的牛角尖以及被伤害后进行的自我否定 上述任何一样都没能打垮我 但是在被难受醒的那个凌晨 一个人出门买药盛夏清冷的风中 我是真感觉自己撑不下去了  ???  ?  展开全文c,07月02日 08:35,0,1,2
唐伯虎非同凡响,20到30岁是人生艰苦的一段岁月，承担着渐长的责任，拿着与工作量不匹配的薪水，艰难地权衡事业和感情，不情愿地建立人脉，好像这个不知所措的年纪一切都那么不尽人意，但你总得撑下去，只怕你配不上自己的野心也辜负了所受的苦难，不要只因一次挫败就迷失了最初想抵达的远方。 ???,07月02日 08:31,0,0,0
用户唐伯虎222,20到30岁是人生艰苦的一段岁月，承担着渐长的责任，拿着与工作量不匹配的薪水，艰难地权衡事业和感情，不情愿地建立人脉，好像这个不知所措的年纪一切都那么不尽人意，但你总得撑下去，只怕你配不上自己的野心也辜负了所受的苦难，不要只因一次挫败就迷失了最初想抵达的远方。 ???,07月02日 08:28,0,1,1
地方装丶修丶,我要感受 忍受 爱情也有湍流， 充氧期不放手， 撑下去了以后 冲破极限奔走， 然后昂起头  ――[充氧期]孙燕姿#孙燕姿明日之子# ?,07月02日 08:27,0,0,1
江天不染人,苍gg快出来我要撑不下去了,07月02日 08:25,0,1,0
南有佳木momo,撑不下去了，好难受 ?,07月02日 08:20,0,0,0
小坏蛋-_,撑不下去的时候就给自己说再坚持坚持。 2上海 ?,07月02日 08:18,0,0,0
abbie_here,这一个下去是真的很撑了。我的多汁牛肉饼汉堡。早安吖，努力工作啦? ? #惟有美食与爱不可辜负# ?,07月02日 07:58,0,0,0
用户6851883164,今天去看了个心理医生…感觉他完全不理解我为什么痛苦………行叭，毕竟没有人能够真的明白另一个人…他说 你感觉痛苦但是这么多年了还一直扛下来了，那接下来也可以自己扛呀我这不是扛了这么多年累了，快撑不下去了才来找您吗他说完就站起来去关灯说自己要下班了……真是白白浪费了钱…  展开全文c ?,07月02日 07:50,0,0,0
雁飞俩云,又是社畜的一天 我不想起床 身心俱疲 好佩服绒绒嘎嘎可以出门工作 撑下去吧 ?,07月02日 07:43,0,0,1
发骚的万宝路,#不忘初心#写给自己的九句话当你撑[得意地笑]不下去的时候 ?,07月02日 07:28,0,0,0
乔家小手办Amber,陈情令我是真的撑不下去了，你给江澄温情加感情戏我都可以忍受，可是那啥温晁薛洋的演技我要吐了，你要演坏人可以别这么表面吗，吹胡子瞪眼的真的看着难受，还有温情孟瑶那整容脸，一个工厂出来的吗? 弃剧了 ?,07月02日 07:21,0,4,12
化妆师tiger囡,最近几乎每天五点多就醒了，不是热醒就是冷醒干脆不睡了，然后煮个早餐吃，吃了一半又开始胃痛了这一个月内我已经戒口戒得啥都不敢吃，比减肥还辛苦，还是感觉全身不舒服还要再坚持多一个月，这真的不是一般人能够做到的，不过再辛苦，我也要撑下去了啦，只能跟自己说加油  ?  展开全文c,07月02日 07:17,0,0,0
恋海美人鱼-,如果真的撑不下去了，就，算了吧，嗯，就这样。 ?,07月02日 07:13,0,0,0
VacantLove,没有wd我真不知道军训该怎么撑下去 ?,07月02日 07:12,0,0,0
榛榛,#今年登陆我国的首个台风要来了#写给自己的[lt切克闹]九句话当你撑不下去的时候 ?,07月02日 07:11,0,0,0
许源源_,成宿成宿的熬 撑不下去的时候可以偷偷想你嘛 宝贝 2运城 ?,07月02日 07:09,0,0,2
Lycoris_Frost,老担心我以后怎么怎么样，可是我感觉我现在就撑不下去了。 ?,07月02日 07:08,0,0,0
-Catpower-,我还能不能撑的下去呀。 ?,07月02日 07:03,0,0,0
无敌草莓糖,感觉自己快要撑不下去. ?,07月02日 06:58,0,0,0
ws_ms39,已经到了一天不喝两杯咖啡就撑不下去的地步了 ?,07月02日 06:50,1,0,0
百百要顺利毕业OVO,才第二天 我就撑不下去了 真的 上课太容易犯困了 回家看着看着也就困了 ?,07月02日 06:47,1,0,3
我低头就好灬,GU2763 我承认我过得一点也不好，很多时候我真的都熬不下去，快要崩溃了。我是真的不知道哪儿有这么多压力，我改变的失去的都太多了，好多事情我真的接受不了。但我也无力抗拒，只能哭完了再爬起来老老实实继续走下去，这辈子从来就没坚强过，大小坎都是死撑过去。 LCUIB_Conx5au的秒拍视频 ?,07月02日 06:40,1,0,0
南瓜探长,陈情令这种油腻的人设和剧情必须要高颜值高演技才能撑起来，但这剧颜值中，演技中下，造型下，我努力了但我应该不会再尝试看下去了。不过想想魔道祖师动画颜值那么高第一部我也只看了一半就弃了，大概可能也许我就是吃不下这个人设吧……PS  为什么我就不能爱上一对热门cp啊啊啊，每次都只会入冷门剧 ?  展开全文c,07月02日 06:19,0,3,1
lizy_一饮茶尽gm怨,你每天就做这么一点事情，你凭什么说自己撑不下去了，你有资格么，那些比你累的人都没有说什么，那些比你优秀的人比你努力的多，你有什么资格在这里唉声叹气？！要么滚回家里去，要么就拼。只要学不死，就往死里学！ ?,07月02日 06:16,0,0,0
一只活在二次元的清风,抑郁症早安，我也不知道怎么这个点儿醒算不算早，，反正是睡不着了，又是需要撑下去的一天。希望今天的我们都会好好的。 ?,07月02日 05:54,0,0,0
郑朝伟很6哦,终究有一天会撑不下去的 2上饶 ?,07月02日 05:51,0,0,0
彤彤妈2018,活着真的比死更难，彤彤，妈妈不敢奢求你的原谅，可妈妈真的撑不下去了，我那么爱你，那么爱我的家人，虽然，生活中有很多的不愉快，可妈妈知道，我的爸爸妈妈，弟弟妹妹，都是很关心彼此，我也知道都是生活的苦难让我们不能好好说话。彤彤，妈妈是世界上最糟糕的妈妈，生下你，却不能陪你长大，再也给 ?  展开全文c,07月02日 05:46,0,0,0
陈平化,"【这样的牛牛很让人心疼】金牛受伤了,可能会在角落哭着自言自语,""我撑不下去了…""但哭完了,说不定又擦去泪水对自己说,""没关系,我还可以再撑一会…""不为别的,只因为真的太在乎了…在金牛的字典里,没有值不值得,只有爱不爱,只要金牛爱上了,一切都很值得,再痛都是值得的… ?",07月02日 05:00,0,0,0
蹦豆宁,无数个夜晚，从自己的自述中睡去，又从自己的自述中醒来，我已经压抑到窒息，好想把一切事情都说出来，可是我害怕伤害，担心妈妈的身体，我现在感觉自己都要撑不下去了，宝宝，妈妈好累，还有七个月你才能降生，我感觉自己无力撑下去了，人内心的痛苦谁都不能分担，只有自己承受，为什么事情过去了一个 ?  展开全文c,07月02日 04:51,0,0,1
LuCKy俊斌,好久没推歌曲了～推荐歌曲可不可不撑下去（by麦浚龙）。在对的时间遇到对的人这很重要，找一个你爱的人不难，找一个爱你的人不易，很多时候我们找对了人时间却错了又或者在自己最宝贵的时间里找错了人。愿你找到属于你自己的小幸运。 2清远 ?,07月02日 04:49,1,1,1
Y_cyxx,高一时认识陈粒 大一已经快结束了高二认识的她大一和她有了交集高三听陈粒想她大一听陈粒想她我好平静 是快要撑不下去 快要爆炸的平静 ?,07月02日 04:32,0,0,0
卑挽00,一直做梦发癫似的半夜来修仙不知道熬了多久很疲惫也要撑下去你们都睡吧那种没有人在的感觉真美妙 ?,07月02日 04:14,0,2,0
X岚_,我承认我过得一点也不好很多时候真的都要熬不下去 快要崩溃了我不知道哪儿有这么多压力改变的失去的都太多了好多事情真的接受不了 但我也无力抗拒只能哭完了再爬起来老老实实继续走下去这辈子从来就没坚强过大小坎都是死撑过去 ? 2咸宁 ?,07月02日 04:07,0,0,5
一笑而过7780,20到30岁是人生艰苦的一段岁月，承担着渐长的责任，拿着与工作量不匹配的薪水，艰难地权衡事业和感情，不情愿地建立人脉，好像这个不知所措的年纪一切都那么不尽人意，但你总得撑下去，只怕你配不上自己的野心也辜负了所受的苦难，不要只因一次挫败就迷失了最初想抵达的远方。 ???,07月02日 03:59,0,0,3
超甜的夜瑶啊,快撑不下去了 希望得到救赎 O网页链接 ?,07月02日 03:57,0,0,0
MrShould,我承认我过得一点也不好很多时候真的都要熬不下去 快要崩溃了我不知道哪儿有这么多压力改变的失去的都太多了好多事情真的接受不了 但我也无力抗拒只能哭完了再爬起来老老实实继续走下去这辈子从来就没坚强过大小坎都是死撑过去 ? ??? LMrShould的秒拍视频 ?,07月02日 03:56,0,0,2
兄弟和jj我一起作,UD3467我撑不下去了你还不来抱抱我吗?? L全球热门搜罗的秒拍视频 ?,07月02日 03:44,0,0,0
多余的小郑,通宵从头开始复习微观 晚上专门喝了两杯咖啡到现在竟然快撑不下去了我去 冲个凉水澡继续干明天考完就解放了 ?,07月02日 03:36,0,0,2
罗-绵绵,感谢这些天赶过来陪产的俩美丽姨娘，你们真的给了我很大的安慰！和没有经验但是一直非常有耐心的红爸爸，还有每一个在乎我的人！真的很感激你们！这个经历漫长且痛苦，没有你们我也不知道怎么撑下去。陪我跨过每一个坎的你们，我都铭记在心，衷心感谢！ ?,07月02日 03:28,0,24,7
厌恶任何人,我大概是要撑不下去了，好脆弱的一条神经就要崩塌了。可是死都不敢死，顾虑那么多，死了爷爷奶奶怎么办，爸爸怎么办，妈妈怎么办，弟弟怎么办，婉婉怎么办，老孙怎么办，他们会不会遭受冷言冷语，会不会埋怨自己，会不会有心理阴影。就连去死，都是在麻烦别人呢。   可是，活着真的太辛苦了，它每天每 ?  展开全文c,07月02日 03:17,0,0,3
Pathogen・,活成死人的样子很痛我快撑不下去了 ?,07月02日 03:13,0,0,0
一只小破碗儿,漫漫快出来写文吧，世道艰难，我快撑不下去了@漫漫何其多 ?,07月02日 03:11,0,0,0
若你瑜我,抑郁症 大家有没有睡觉的办法，安眠已经自我增加到三片了，再多怕自己承受不了，停药三天，刚才实在撑不下去爬起来吃了药现在手都是抖的，最近三天顶多睡了六个小时，太难受了。 ?,07月02日 03:07,0,20,3
王钊权薏,当你撑不下去的时候，当你心情烦躁的时候，当你觉得迷茫的时候，就读一遍。 ?,07月02日 03:07,1,0,0
Pangda2019,我觉得我就像集市上的鱼，水分蒸发得差不多了。我时常觉得自己就要撑不下去，而你总是适时又吝啬地洒点水给我，我便要再提着一口气蹦哒两下，作出生龙活虎的样子给你看。我在痛苦里周而复始，你是不要我死的，又偏不肯温柔豢养我。 ?,07月02日 02:52,0,2,1
是我的小号hhh,我是真的撑不下去了，但也是真的睡不着 ?,07月02日 02:44,0,0,0
姚琛的小饼干,姚琛 我给你说 我真的睡了撑不下去了希望明天我会开心@R1SE-姚琛 你也开心 ?,07月02日 02:40,0,0,0
无法重组的记忆碎片,当你喜欢一个人的时候真的就是自己一个人的事儿得拿出过日子一样的态度只要还想继续就硬着头皮再喜欢下去世间哪有什么缘分不缘分都是撑来的 ?,07月02日 02:39,0,0,1
岑五毛,我总以为过段时间就能好好睡觉好好吃饭好好复习 可还是得靠? 才能睡得安稳一些 还是越来越瘦 第28天夜夜熬夜夜思 天天念 真怕是要撑不下去了吧 2百色・百色学院澄碧校区 ?,07月02日 02:38,0,2,6
季童Klaus,喜欢听哥#空心-光泽# 电影里说，“你我之间本无缘分，全靠我死撑，我明白的。”以前觉得这话直抵泪点，现在却觉得，说白了，爱一个人真的就是自己一个人的事儿，得拿出过日子一样的态度。只要还想继续，就大不了哭一场，硬着头皮爱下去。世间什么缘分不缘分，都是撑来的。 ?,07月02日 02:37,0,0,0
Crucio格格巫,头痛到躺在床上无法控制地一直流泪翻来覆去还是痛得睡不着现在坐起来了在想要不要下去吃不一定有用的布洛芬不知道还能不能撑到天亮 ?,07月02日 02:33,0,2,2
battlesofyouryouth,今天推特因为这条又小小地炸锅了，整个TL充满了不舍（巡演时节大家都比较容易情绪过激今日没人关心的深夜观点输出：迄今为止，美利坚era在各种层面上都算不上特别成功。哪怕他不说这个，我也觉得这个周期撑不下去了。要详细说我会说很多屁话所以还是不要说了。总之巡演再开下去副作用确实会很大。 ?  展开全文c,07月02日 02:24,0,0,2
SaigenFo,@深圳公安 ？你垃圾不垃圾啊？//@伤心老人求关注:我不知道我还能撑下去多久，我希望正义能快点到来：O网页链接,07月02日 02:19,0,0,0
studio卡卡西121,【警惕！江西一男子连吃二十多颗杨梅 导致胃溃疡差点大出血】近日，江西新余，伍先生的儿子摘了些杨梅回来，伍先生这几天就边看电视边吃，不一会儿就吃下去二十多颗，几个小时后，胃就开始不舒服。本以为撑一撑就过去，可伍先生说这两天越来越痛，才到医院来就诊。一查，已经从胃溃疡发展到胃出血 ... ?  展开全文c,07月02日 02:17,0,0,0
可爱宋勇,20到30岁是人生艰苦的一段岁月，承担着渐长的责任，拿着与工作量不匹配的薪水，艰难地权衡事业和感情，不情愿地建立人脉，好像这个不知所措的年纪一切都那么不尽人意，但你总得撑下去，只怕你配不上自己的野心也辜负了所受的苦难，不要只因一次挫败就迷失了最初想抵达的远方。 ???  ?  展开全文c,07月02日 02:05,0,0,1
Ares丶君莫笑,越来越没激情 越来越撑不下去 ?,07月02日 02:04,0,0,0
积极向上的丽珍,野心是被格局撑大的。委屈是要自己吞下去的。Anyway，明白自己该做什么，继续往前奔跑? ?♀?只要结局是好的，过程不完美也没关系。抱抱自己。 2深圳 ?,07月02日 02:02,0,0,1
hiharakana,在遍地都是火锅的重庆进行折耳根惩罚吃几根就撑不下去了吐了一地老婆@no下划线 说这是万年臭靴子的味道 (其他食物懒得发了) ?,07月02日 01:50,0,6,3
宇宙无敌大帅哥一个亿,希望这次的水逆不要再有什么烦心事发生了我侥幸得来的东西已经都没有了再没有什么可以失去的了这个暑假就两点一线简简单单的过去吧不然我真的...撑不下去了 ?,07月02日 01:50,0,0,0
w薄情-,再不发工资就要撑不下去得去卖身了（虽然我知道也没人买） ?,07月02日 01:47,0,5,1
一个月六,我说我要请假 要休息 其实根本就没有 我这种人休息就是自杀 想多想西 不如提着那口气继续工作还能撑下去 我活着真累 但是又不能不活着 ?,07月02日 01:47,0,2,2
醉酒戏红颜1992,20到30岁是人生艰苦的一段岁月，承担着渐长的责任，拿着与工作量不匹配的薪水，艰难地权衡事业和感情，不情愿地建立人脉，好像这个不知所措的年纪一切都那么不尽人意，但你总得撑下去，只怕你配不上自己的野心也辜负了所受的苦难，不要只因一次挫败就迷失了最初想抵达的远方。 ???#时光留夏#  ?  展开全文c,07月02日 01:42,0,0,1
夏尔顿,//@吃瓜群众CJ: 那么快就一年了//@我可以睡您吗:那个消防员撕心裂肺的哭声我也还记得。//@努力成为有猫阶级:我一直记得这个女孩，跳楼前对消防员说谢谢，可是她真的是撑不下去了，在她苦苦挣扎的那段黑暗时光里，根本等不到一句“抓了”,07月02日 01:41,0,0,0
用户7196149924,快撑不下去了，真的 ?,07月02日 01:40,0,0,0
噼里啪啦酷酷蹄,宿舍突然停电了室友都走了俺好害怕之前一个人住宿舍都是听室友的把灯开一整夜现在没电了这可怎么睡嘛救命总觉得有人要从楼顶跳进我们的阳台锁了阳台门也给不了我安全感哪哪都有声音哭辽／难怪今天网易云的每日一句是叫我撑下去烦人精讨厌鬼干嘛把我们考试安排这么迟大家都走了 ?,07月02日 01:36,0,10,3
Shirakawa-浅,听了一晚上网易云的私人FM写这个每次遇到什么事其实委屈的时候真的挺委屈还好 再每次要撑不下去的时候又可以回家休养一段时间了我要明白的是  不是谁都是好人想成为好人但是又希望被认可至今都觉得灵魂空缺了一块当初倾尽了所有热情 现在就破罐子破摔我记得之前 一切都不是这样的 ?,07月02日 01:33,0,0,0
人间烟火错落,我撑不下去了我希望现在就考试，全部考完一次性考完我不想撑下去了 ?,07月02日 01:28,0,0,0
白露竹均,包包们都好坚强，好冷静哦，说白了我就是最近太闲了，等忙起来还管谁脱不脱粉，都没工夫care.反正我是不会走的，我等着他给我续命呢，毕竟即将去一个险恶之地，没他 ，我怎么撑下去。 ?,07月02日 01:28,0,0,1
红小豆今天被吃掉了没,撑不下去了，我要困觉了 ?,07月02日 01:21,0,0,1
用户6849559040,-人生就是觉得自己撑不下去的时候死皮赖脸挺一阵子好像又能继续了 ?,07月02日 01:19,0,0,0
快生慢活8吧,有一种累就是累的你明明已经撑不下去了却还是睡不着 2九江 ?,07月02日 01:18,0,0,1
Arianamama,他们在一年前熠熠发光，我以为你也是你本来是他们中最亮的光未曾想你已经撑不下去了就像曾经的我一样可是一年之后你已经陷入噩梦的轮回那个叫过去的事物也已走远你无法走出要好起来啊我对你说我会帮你的我又对你说也对自己说?  ?,07月02日 01:17,0,0,3
灭火柴的小女孩,何以为家生而不养可恨，养了之后又不给孩子关爱让我觉得更加可恨。父母给予了我们生命，但在给予我们生命之前，并没问过我们想不想要来到这个世上，也没问过我们想不想要做他们的孩子，如果为人父母需要经过考试 ，肯定会有好多父母不及格。这部电影观后着实扎心。以后生活觉得要撑不下去的时候想起， ?  展开全文c,07月02日 01:15,1,1,5
暮修婷,越来越觉得自己不适合在寝室里继续生活想搬出去心理越来越崩溃只想回家我觉得我要撑不下去了真的怀疑自己当初的决定是不是对的 ?,07月02日 01:14,0,0,2
大杯去冰七分糖的咖喱,我觉得我撑不下去了 我好废物啊 ?,07月02日 01:14,0,0,0
Y子,丧丧的...开心时间总是不长、不开心总是相伴。得不到治愈、自己也无法排解，总有一天会撑不下去吧…… ?,07月02日 01:13,0,0,1
无人岛的无聊鬼,我为什么还没睡着傍晚只吃了几口面我可撑不下去呀 ?,07月02日 01:12,0,0,0
我的昵称叫六六,为娘快撑不下去了，要崩溃了 2扬州 ?,07月02日 01:11,0,0,0
王诺青,我喜欢你，我爱你，可我撑不下去了…… ?,07月02日 01:08,0,0,0
用户6849822620,还能不能撑下去 ?,07月02日 01:05,0,0,0
不吃蟹肉的栗子,又一次成功的对生活失去了信心  活着真累  找不到一点活下去的动力了  每每想到这些  就恨自己不珍惜现在的生活  还有多少可怜的人都在好好生活  可是撑下去真累   能不能不让我这么痛苦  能不能不要让我在这么执着  能不能让我失忆  重新开始？ ?,07月02日 01:03,0,0,0
Aliee_Show,看到一个朋友的动态有感而发，感觉自己真的是猎奇。当初觉得先离开的人叛徒无误，现在又觉得死撑下去也没有意义。当然先放手的人还是叛徒。※以前似乎也不是这样一个人，时间久了，见的利益多了，自然也就显现出原本小人的一面。所以相较于厌恶，我更多也只能是无奈吧。※本性是好是坏已经不想界定， ?  展开全文c,07月02日 01:01,0,0,3
初吻给了奶嘴ee,一个男人很爱你，可你已经不爱他了请问这段婚姻还应该继续吗？这段时间很迷茫，我还继续走下去吗？我不想撑下去了，我真的很累了已经被这些压的有点想逃离这个地方 ?,07月02日 01:00,0,0,1
 -到月亮上寻梦,明日之女如果不是花花跟毛毛撑着我是真的看不下去.... ?,07月02日 01:00,0,0,2
半岛铁盒04725,每天心里默念 如果我是一个人的话会怎么样不知道会怎么样 不知道能不能撑下去不要小看了自己越努力 越幸运 ?,07月02日 00:58,0,0,0
我晕过去了醒不过来了,只有一个人的爱情，终于结束了。早就料到快撑不下去了，但是心里还是崩断了最后一根弦一样绝望。加油吧  你没有哪里比别人差  也值得被爱。 ?,07月02日 00:54,0,0,0
今天也有在好好生活噢,吃不下睡不着学不好恋爱没得谈生活事事不顺这狗逼日子我撑不下去了我他妈佛了 ?,07月02日 00:52,0,0,0
何限恨,又是失眠的夜晚 难受 说不出的难受 最近身体很虚弱可能熬夜熬多了 也没锻炼过 早上一起床就开始眼前发黑站不稳头晕 吹一会儿笛 浑身颤抖 现在心脏难受 咱也不知道咋了 咱也不敢百度问 问自己想那么没用的干嘛呢 这日子得过且过着也能过下去 撑不住啊 真的难受 也没人说说不出口 不想说 从来就没有感同 ?  展开全文c,07月02日 00:52,1,0,2
键毓_4,许多人说异地恋最后一定会分开。然而异地恋不等同于分手，也有可以坚持下去的。这个世界上一定有跑得赢时差，撑得过距离的爱情，只要她相信，只要你坚持。 ?,07月02日 00:48,0,0,0
wy十一啊,两腮边里的牙疼得厉害，剧痛在撕扯着我的神经，感觉要撑不下去了 ?,07月02日 00:47,0,1,0
仁青仁青是小仙女儿,心里好难受啊。。。我感觉我自己撑不下去了。。。这两个月。。。太累了。。。真的好累啊。。。想要有个家，不想漂泊了。。。。。 ?,07月02日 00:47,0,0,0
xUwangy_,复习周要撑不下去了 我好想你快点来抱抱我.... ?,07月02日 00:46,0,0,1
D你不知道的事h,做错事，要遭报应的。 所以千万别做错事。来的真快，撑不下去。我就不撑了，也挺好。 ?,07月02日 00:43,0,0,0
人间胖狗,我要让自己记住这种撑不下去的时候，以后看微博的时候就可以回过头来对自己说一句，你看，都过来啦。（p6是超话存的羔羊以前的手机壳图） ?,07月02日 00:40,0,4,5
假面天使2014,在6月的尾巴，开始忙碌起来。7月注定是忙碌的一个月。身体和心理的一个累时时刻刻在提醒你。这个礼拜不知道要怎么撑下去。用无尽的意志来告诉自己。尽可能影响做到最小。尽可能做到最好。给老爸也说过，这周先别回去，我这边比较忙。问老公还出差不？不出差。可以帮忙照顾一下家里。还好。家 ?  展开全文c,07月02日 00:40,0,0,3
玛姬舞maggie,20到30岁是人生艰苦的一段岁月，承担着渐长的责任，拿着与工作量不匹配的薪水，艰难地权衡事业和感情，不情愿地建立人脉，好像这个不知所措的年纪一切都那么不尽人意，但你总得撑下去，只怕你配不上自己的野心也辜负了所受的苦难，不要只因一次挫败就迷失了最初想抵达的远方。 ?,07月02日 00:37,0,0,0
ofy不忘初心,朝堂新人也是很不容易了，责任大，实际职位不高，没有什么实绩还得收服人心，好在聪慧机敏，小狐狸，我必须要撑下去，不能让别人看出来我很慌，该强就强该怂就怂，期待他在这一天内的迅速成长,07月02日 00:35,0,0,0
喝酸奶不舔酸奶盖儿85,这几天的全网黑里，我真的反复自闭又想开，跟风路人没有心，除了粉丝心疼难过我看不到一点点善意，很多时候都觉得撑不下去了想想他四个月的努力咬咬牙坚持，那些时候都撑过去了，可是今天看到开始有剧粉为他说话，有更多人认可他了，我这些天的情绪一下子就控制不住了，好想哭啊，我一直希望看到他的努 ?  展开全文c,07月02日 00:35,2,2,11
超想你的PYY,我和爸爸之间的默契是这样的? ?爸爸：还有生活费没呀？我：有啊！！！爸爸：还有好多哦？我：还有几百吧~然后……第二天我银行卡里就莫名其妙的多了一笔钱（生活费），关键是我爸爸从来不吱声，直到有一天我实在撑不下去了抱着侥幸心理去看我是不是还有点钱的时候，才发现这份来自爸爸的惊喜 ?  展开全文c,07月02日 00:33,0,0,4
cl琳之缘,20到30岁是人生艰苦的一段岁月，承担着渐长的责任，拿着与工作量不匹配的薪水，艰难地权衡事业和感情，不情愿地建立人脉，好像这个不知所措的年纪一切都那么不尽人意，但你总得撑下去，只怕你配不上自己的野心也辜负了所受的苦难，不要只因一次挫败就迷失了最初想抵达的远方。 ???  ?  展开全文c,07月02日 00:32,0,0,1
可爱的幸福人生-20170,在漫漫人生旅途中，总会有寂寞、失落、沮丧的时候，这时给自己一点掌声，让自己战胜怯懦，使无畏的心更加的坚强，更是温暖自己独自前行的路。当自己累了、倦了、快撑不下去了，给自己一点掌声，不只是对自己寂寞灵魂的一种填充，更是对风雨人生的一种从容。相信自己，肯定自己，做好的自己。 ?,07月02日 00:32,0,0,1
我只是个宝宝我什么都不会,当年的我 是多么的有冲劲啊现在的我 跟咸鱼有什么区别对啊只有努力过才知道自己是否适合现在还没尽力就觉得不适合了撑不下去了这样死循环是没结果的啊现在想想 我又浪费半年时间了这半年好像没成长没进步没收获我真的好无用啊不准再这样了！不管走不走，都坚守在自己的岗位到最后 ?  展开全文c,07月02日 00:30,0,0,0
佛教丶正能量,20到30岁是人生艰苦的一段岁月，承担着渐长的责任，拿着与工作量不匹配的薪水，艰难地权衡事业和感情，不情愿地建立人脉，好像这个不知所措的年纪一切都那么不尽人意，但你总得撑下去，只怕你配不上自己的野心也辜负了所受的苦难，不要只因一次挫败就迷失了最初想抵达的远方。 ?,07月02日 00:30,58,7,117
鸡儿竞走十年了,当演员粉对我来说太难了，大环境下很多剧实在一言难尽。去年zh爆那会儿我一集没看，是拢龙的cut和采访硬生生把我摁在坑底，后来自诩生妈期待许你浮生若梦结果看了一集就萎，孩子拍的剧我也不会尬吹，他演技再好也挡不了编剧脑阔进水，知否看了前头二十多集逻辑崩了之后就撑不下去，看剧太难了，真的难 ?,07月02日 00:30,0,0,2
爱吃甜食的羊小姐,七月真的拜托了，撑不下去的丧气可以离我远去吗。,07月02日 00:28,0,0,0
美少女皮皮,感觉有点...撑不下去了 2六安・舒城县中医医院 ?,07月02日 00:27,0,1,0
硬核少女啊叶,我承认我过得一点也不好很多时候真的都要熬不下去 快要崩溃了我不知道哪儿有这么多压力改变的失去的都太多了好多事情真的接受不了 但我也无力抗拒只能哭完了再爬起来老老实实继续走下去这辈子从来就没坚强过大小坎都是死撑过去 ?,07月02日 00:23,0,1,0
cherrybomb_ly,#温情吹笛驭尸#真的超级超级期待这部剧 等这周的更新也等了很久 一播出就马上看了 可是老是温姑娘温姑娘的出现 对不起了 我要舍弃看一博和肖战了 因为我真的看不下去了 不是讨厌温情 而是剧版温情戏太多 原著粉很难熬 熬不动啊 没看一下剧情不对调 我就真的是煎熬 帅哥都救不了我的心了 真的很想撑下去 ?  展开全文c,07月02日 00:20,0,3,6
beautycavely,一个得了应援病的melody 本来十一点不到就困了想着要睡觉的 但不知道因为什么莫名其妙的心理死撑着了 又莫名其妙点开了应援视频开始看 想着就看一会儿就睡 结果自己忍不住大半夜边看边应援 然后就一直一直看下去了 30多分钟的视频现在快看完了 我人也因为应援得很兴奋而清醒了 真的因为melody的应援 ?  展开全文c,07月02日 00:18,0,0,2
养不了猫的猫奴T_T,是什么让我一直在消耗我给别人的印象和耐性？。。。我原来这么讨人嫌嘛。。。年纪逐渐增大 人也逐渐犯贱了  成熟？我也知道我不应该找任何人倾泻负能量应为只会更烦但是这样下去我撑不了多久。。我到底该怎样。。还是。。。。。当一个旁观者    不甘啊 ?,07月02日 00:15,0,1,0
小明爷爷一百零三岁,撑不下去的时候，就…再撑一会儿…… ?,07月02日 00:11,0,0,0
小陈陈-zzZ,每当我生活或者工作撑不下去的时候我就想回到高中，回到广中，感觉那个时候一切都有希望……总想着能把高中生活重新走一遭，可惜时光不会倒流 ?,07月02日 00:09,0,2,0
又怂又醋,今天和舅舅聊了很多人真的容易在晚上在喝了酒之后发出人生的感叹他说希望我真的努力真的能证明自己其实不比任何人差我说会的，我们两个都要努力加油你要撑下去前路就会光明，在无人问津时，对未来的执着才是你的光辉岁月。-没有谁的生活会一直完美，但无论什么时候，都要看着前方，满怀希望就会所 ?  展开全文c,07月02日 00:09,0,0,1
用户7213946070,啥时候能不禁牧啊，老百姓真的太不容易了，要是长年禁牧，老百姓真的快要撑不住了，老百姓靠种地真的很难维持，这几年干旱百姓都没啥收入，靠养牲畜吧，又禁牧，唉?  这样下去老百姓真的很难生存了！谁能替百姓想想办法啊！百姓要是生存不下去的话，那一切都快完蛋了 ?,07月02日 00:09,0,0,0
GIFT1345,被表白为什么不答应吃多冰淇淋了为什么会生病不开心为什么要笑撑不下去了为什么要强撑熬夜为什么要长痘吃多了为什么会长胖我还没准备好为什么要面对这么多好孤独为什么没有人陪有喜欢的人为什么不能和他谈恋爱艹 ???,07月02日 00:08,0,0,0
Erixx非,每当有人问我，寂寞吗。我都是回答。偶尔吧。因为我已经习惯一个人了，之前在厦门呆了三年，也没有朋友，只有女朋友，可是还是挺开心的。现在自己在上海，一个朋友也没有，伤心渴望当然有了。可是想到交朋友就感觉好累，不如发展自己的爱好吧，就感觉，如果没有网络，真的撑不下去。 ?,07月02日 00:06,0,0,0
Tarri09,我和大家一样 没什么特别的到了晚上都会更难过周一也会撑不下去有时候躺在床上 就想慢慢沉下去想一脚陷入黑暗里…所以更要努力往前走 ?,07月02日 00:06,0,0,1
二月与后来,想哭就哭 过不下去不过了 我又不是伞 干嘛要撑着 ?,07月02日 00:05,0,0,0
波仔爱兔宝,开始要学会坚强  很多话不知道怎么说身心疲惫的撑下去吧加油 ?,07月02日 00:04,0,0,0
南豆同学不熬夜,【记录】近期看到的直戳心窝的话：.终于等到 （看到朋友们终于在一起了.没关系 我可以 （会感觉她好忍耐的样子.我其实很多事情都想放弃 但是想想还有你就不得不说服自己撑下去 （真是优秀的姐妹了我也不知道这些别人的话 对于我来说意味着什么 我只知道要是发生在我的身上我会痛苦还是幸福 或 ?  展开全文c,07月02日 00:04,0,0,0
爱吃黄瓜的鸡\君,//@橘阿橘-:很难喔 比如在黑到极致中自己给自己找一点光亮 不敢相信自己能撑下去,07月02日 00:03,0,0,0
百合独舞718,#Hello七月# 但愿下半年一切安好，但愿我的白马王子早点来保护我，我快撑不下去了。 ?,07月02日 00:00,0,2,3
pikachuuuuer_,最近复习得有点惨…还是得学会撑下去也得学会找点东西让自己开心一下 我的终于发货了！（期待地搓搓手）其实也很想去看之前买的另一部剧，看票到了能不能换到31号晚场 偶然又get一个单曲循环曲目，边听边找那部电影，还不住地感慨那时文化的繁荣。总以为是开始，没想到现在是 ?  展开全文c,07月02日 00:00,0,2,3
用户6836988406,@我是连淮伟 #连淮伟硬着头皮签下去#你耳机听什么 能不能告诉我我们还要 去更大的世界千万不要 把我甩在 你身后边挡在你胸前的盔甲 保护着我 让我心疼骑士们发挥出你们的精神，就这样 强悍的骑士撑到最后我和你要去闻闻新鲜的春天感受阳光洒满肩上的夏天 ?,07月02日 00:00,0,0,0
